case_id,total_parcels,total_landowners,total_land_area,missing_doc_pct,survey_completed_pct,ownership_disputes_count,court_cases_count,pending_approvals_count,compensation_progress_pct,bank_verification_pct,open_grievances_count,avg_dept_response_days,environmental_clearance,rehabilitation_required,district_delay_rate,overdue_tasks_count,days_remaining,delay_probability,delayed_binary,delayed_days,risk_level
1,7,21,6.97,12.6,97.7,0,0,1,19.0,31.2,5,10.9,1,1,37.8,1,91,0.537,1,103,Medium
2,15,15,50.41,20.3,85.3,0,0,0,79.7,82.4,3,3.1,1,0,21.1,0,71,0.321,0,5,Low
3,11,11,27.44,43.2,92.2,0,0,0,38.1,45.8,1,14.0,1,0,33.4,2,113,0.502,1,100,Medium
4,8,8,13.11,60.4,76.1,0,0,2,20.2,26.7,1,26.0,1,0,33.0,1,177,0.722,1,118,High
5,7,14,21.5,39.9,71.7,1,1,2,57.8,54.1,3,14.6,1,0,30.2,1,289,0.907,1,179,High
6,19,38,32.98,17.9,74.0,2,0,0,92.5,69.1,4,15.7,1,1,22.8,3,291,0.764,1,215,High
7,11,22,32.31,13.4,92.5,0,1,1,91.8,69.1,2,7.4,1,0,47.0,2,40,0.516,1,120,Medium
8,11,33,23.42,18.3,80.6,1,1,0,32.5,10.5,2,8.9,1,0,34.7,1,70,0.802,1,166,High
9,4,4,15.39,14.2,58.1,0,0,0,74.8,58.4,0,10.7,1,0,48.5,0,45,0.374,0,6,Low
10,8,24,30.69,24.7,85.8,0,0,0,12.7,38.1,2,10.4,1,0,49.3,3,44,0.478,1,122,Medium
11,3,6,7.7,18.2,71.6,0,1,1,21.9,0.0,0,14.1,1,0,27.5,0,38,0.708,1,105,High
12,2,6,4.2,22.8,70.0,0,1,0,55.0,77.2,1,24.6,1,1,34.7,0,110,0.618,1,115,Medium
13,12,12,25.7,18.1,78.2,1,0,0,30.6,14.8,0,10.5,1,1,45.2,2,172,0.776,1,166,High
14,6,6,22.69,4.0,96.8,0,0,0,81.8,61.5,0,21.6,1,0,37.5,0,135,0.194,0,3,Low
15,2,4,4.03,40.9,96.8,2,0,0,93.8,100.0,0,11.5,1,0,49.9,1,168,0.647,1,166,Medium
16,1,2,1.57,36.1,91.8,1,0,1,10.4,29.4,2,4.7,1,0,40.0,0,96,0.686,1,126,Medium
17,12,36,13.36,22.3,85.0,1,0,0,31.0,6.6,2,12.3,1,1,42.0,1,291,0.654,1,124,Medium
18,12,24,30.32,40.7,82.3,3,0,2,49.6,48.3,1,12.9,0,0,47.5,3,140,0.98,1,265,High
19,17,34,43.93,9.9,64.4,3,2,0,60.7,78.5,1,4.8,1,0,24.3,2,298,0.98,1,246,High
20,10,10,39.11,55.2,84.4,1,1,0,92.4,100.0,5,23.1,1,0,40.4,0,138,0.611,1,132,Medium
21,16,32,25.9,48.4,72.6,0,0,0,90.3,67.1,0,16.0,1,1,23.0,0,95,0.49,1,66,Medium
22,15,30,33.15,25.4,60.9,0,0,0,67.3,64.2,1,19.4,1,0,29.1,3,293,0.467,1,132,Medium
23,15,15,56.87,16.6,76.7,1,0,0,33.2,9.1,1,20.0,1,1,27.4,1,195,0.739,1,170,High
24,19,19,73.1,45.2,57.7,0,0,0,80.5,86.1,3,6.4,1,0,39.8,0,176,0.284,0,1,Low
25,12,36,26.68,8.8,56.6,3,0,2,28.2,30.7,0,20.1,1,1,49.5,1,26,0.98,1,240,High
26,3,6,7.5,30.6,63.0,0,0,1,96.9,100.0,5,3.7,0,0,24.6,0,144,0.558,1,106,Medium
27,5,5,9.61,11.1,89.1,0,0,2,10.5,0.0,0,11.9,1,0,46.9,0,295,0.541,1,102,Medium
28,19,57,80.76,48.4,59.6,0,0,0,61.3,50.8,0,8.7,1,0,25.0,1,139,0.488,1,105,Medium
29,7,21,8.67,5.2,50.0,2,2,1,18.0,32.8,0,4.9,1,0,26.6,0,186,0.98,1,217,High
30,9,18,38.29,31.9,77.0,0,2,0,46.7,62.2,0,15.6,1,0,52.1,0,148,0.771,1,124,High
31,7,14,23.31,16.1,83.0,0,0,1,67.1,92.2,1,16.9,1,0,20.3,1,53,0.357,0,2,Low
32,18,54,49.8,39.0,67.0,0,0,4,72.1,93.4,1,6.2,0,1,26.9,2,192,0.953,1,201,High
33,4,4,3.68,19.8,65.1,0,0,2,80.7,56.0,0,11.5,1,1,27.5,1,294,0.596,1,82,Medium
34,14,42,35.84,29.8,80.3,0,0,0,63.4,81.8,1,15.2,1,0,29.9,0,19,0.337,0,12,Low
35,18,36,41.56,34.1,77.7,0,1,0,32.6,32.1,2,2.2,1,0,32.7,1,68,0.697,1,116,Medium
36,9,9,12.57,26.2,50.4,0,0,0,90.0,100.0,2,16.6,1,0,23.6,1,280,0.261,0,13,Low
37,2,2,6.46,20.5,82.1,0,0,0,83.0,77.9,1,5.6,1,1,36.4,1,96,0.389,0,6,Low
38,15,45,65.9,41.5,69.9,3,0,0,24.4,10.7,4,5.8,1,1,34.0,0,235,0.926,1,215,High
39,7,14,20.16,36.3,70.6,4,2,0,84.4,80.1,1,16.4,1,0,41.9,0,255,0.98,1,237,High
40,12,36,41.34,24.2,66.9,0,0,0,97.5,98.5,0,5.5,1,1,50.4,1,108,0.499,1,96,Medium
41,8,24,8.43,30.5,86.8,0,0,1,67.3,71.7,0,20.2,1,0,30.4,0,83,0.292,0,10,Low
42,15,45,35.18,13.6,83.7,0,2,1,35.4,50.0,0,9.9,1,0,39.1,0,20,0.751,1,113,High
43,3,3,3.69,28.9,74.4,4,0,2,64.6,49.0,1,8.1,0,0,33.0,0,220,0.98,1,232,High
44,14,14,42.94,20.3,92.9,0,0,0,40.8,23.9,3,18.1,0,0,21.4,0,30,0.439,0,2,Medium
45,17,34,72.63,16.8,98.2,0,0,0,70.8,46.4,2,11.6,1,0,48.7,0,74,0.298,0,7,Low
46,4,8,12.99,24.5,81.4,0,1,1,59.0,55.7,0,12.5,1,0,42.2,2,156,0.7,1,122,Medium
47,18,54,19.52,13.8,82.7,0,1,1,93.7,80.6,1,5.0,1,0,20.1,1,220,0.529,1,115,Medium
48,8,24,16.9,53.3,88.2,0,0,0,65.6,60.6,1,31.7,1,1,28.7,0,54,0.428,0,9,Medium
49,4,12,11.35,8.7,86.9,1,0,2,29.3,29.7,5,26.9,1,0,30.8,2,23,0.71,1,151,High
50,2,4,4.58,47.2,75.7,1,0,0,75.3,48.6,0,11.9,1,0,48.4,1,105,0.541,1,136,Medium
51,6,6,23.31,10.8,88.6,1,0,0,37.1,28.8,1,9.0,1,1,46.6,0,209,0.639,1,119,Medium
52,10,10,38.14,55.0,71.4,0,0,1,34.5,39.9,5,14.6,1,1,33.9,1,216,0.653,1,111,Medium
53,4,12,12.26,8.4,94.4,2,0,0,45.3,46.3,4,3.9,1,0,25.5,0,62,0.571,1,135,Medium
54,18,54,39.27,16.1,83.0,0,0,1,11.1,5.5,0,13.7,0,0,33.5,0,280,0.736,1,97,High
55,12,36,20.94,59.4,96.1,0,2,0,97.2,96.7,0,1.6,1,0,48.4,2,259,0.808,1,155,High
56,2,6,2.38,74.8,46.5,1,0,0,57.9,53.8,1,9.5,1,1,35.8,1,276,0.762,1,161,High
57,10,20,21.13,31.1,80.7,2,0,3,79.6,64.7,2,5.2,1,0,24.1,0,45,0.753,1,181,High
58,4,4,9.31,39.5,83.0,0,0,0,33.2,15.7,0,16.6,1,1,21.3,0,276,0.54,1,71,Medium
59,14,42,46.21,36.9,55.5,0,0,1,77.2,100.0,3,7.8,1,0,31.7,0,48,0.402,0,5,Medium
60,16,32,51.76,14.0,59.5,0,0,0,61.0,70.4,0,4.7,1,0,25.2,4,259,0.548,1,144,Medium
61,15,45,15.89,27.2,58.2,2,0,1,48.2,64.4,1,20.4,1,0,46.1,0,282,0.775,1,160,High
62,8,24,18.1,31.9,57.1,0,1,0,97.4,100.0,1,57.0,1,0,29.8,1,225,0.605,1,121,Medium
63,14,14,20.62,3.6,73.5,0,2,2,54.4,75.3,0,10.8,1,0,50.7,0,149,0.762,1,140,High
64,8,24,11.04,36.7,94.2,0,0,1,69.2,77.8,0,14.5,1,0,41.6,0,78,0.396,0,7,Low
65,16,16,61.78,11.4,79.5,0,0,0,11.4,0.0,1,7.0,1,1,33.8,3,261,0.676,1,147,Medium
66,13,13,12.42,11.4,66.0,0,0,0,37.1,24.5,2,8.1,1,1,41.4,0,291,0.569,1,108,Medium
67,18,18,42.32,15.9,80.7,4,0,3,90.0,93.5,0,24.7,0,0,30.3,1,92,0.98,1,250,High
68,15,30,21.34,44.4,75.5,0,0,2,78.3,81.4,1,16.0,1,1,24.9,2,178,0.658,1,141,Medium
69,13,26,52.7,19.9,90.7,3,0,1,58.3,60.3,1,16.2,1,1,53.7,1,91,0.865,1,218,High
70,9,9,25.75,42.5,58.7,0,2,1,91.0,74.3,1,7.5,1,0,39.7,2,191,0.853,1,171,High
71,15,45,24.84,39.7,62.6,3,1,2,53.8,45.4,3,6.1,1,0,20.3,1,111,0.98,1,242,High
72,13,13,34.57,53.6,61.2,1,1,0,61.0,64.7,1,27.5,1,0,30.9,0,153,0.725,1,145,High
73,1,3,3.51,18.3,65.5,0,1,1,44.4,44.9,1,10.8,1,0,25.6,2,257,0.646,1,142,Medium
74,7,7,30.42,25.2,57.3,1,0,1,65.8,77.4,1,15.5,1,0,29.0,2,265,0.616,1,142,Medium
75,9,27,14.54,15.3,89.7,0,0,1,38.7,22.6,1,6.5,1,0,22.0,0,294,0.414,0,15,Medium
76,1,2,4.08,9.2,86.3,0,0,0,44.7,52.0,0,3.0,0,0,28.6,0,292,0.418,0,0,Medium
77,12,36,51.08,58.4,65.9,0,3,1,97.0,88.4,3,9.4,1,0,43.9,0,185,0.76,1,125,High
78,8,8,33.53,30.5,58.1,0,0,1,20.0,14.7,0,27.8,1,0,48.7,0,193,0.497,1,90,Medium
79,11,22,34.66,14.2,89.7,1,0,2,19.5,18.7,1,14.6,1,1,32.2,0,191,0.713,1,128,High
80,19,57,59.48,13.5,71.0,1,0,1,13.9,0.0,1,14.5,1,0,38.3,0,292,0.726,1,145,High
81,17,51,38.96,23.5,58.9,0,0,2,38.8,40.7,0,9.0,1,0,21.5,2,32,0.612,1,124,Medium
82,8,24,28.67,52.7,84.2,3,0,2,45.8,64.7,0,11.0,1,0,23.2,1,123,0.917,1,217,High
83,3,9,8.3,57.0,72.2,3,0,1,18.5,0.3,0,12.2,1,1,39.3,2,46,0.98,1,260,High
84,3,9,9.92,63.9,51.8,0,0,0,59.4,87.3,0,13.4,1,0,49.4,1,70,0.542,1,114,Medium
85,1,2,2.39,50.0,74.3,0,0,1,62.5,52.8,3,4.8,1,0,23.1,0,242,0.475,1,78,Medium
86,5,10,17.53,27.5,61.6,0,0,2,77.6,86.4,2,22.3,1,0,34.6,0,88,0.41,0,3,Medium
87,10,20,38.51,58.2,91.8,1,0,0,97.8,78.0,0,16.2,1,0,54.0,1,23,0.531,1,118,Medium
88,7,14,9.39,42.0,67.4,0,0,1,65.7,98.1,0,12.5,1,0,45.9,3,103,0.646,1,150,Medium
89,9,9,34.94,49.4,85.5,0,1,0,20.0,4.1,3,18.5,1,1,26.9,2,146,0.824,1,157,High
90,7,14,19.59,50.1,78.5,1,0,0,18.0,21.1,0,20.8,1,0,30.0,1,252,0.681,1,147,Medium
91,9,27,35.33,15.9,80.7,1,0,1,80.0,72.0,5,18.5,1,0,53.2,1,264,0.486,1,106,Medium
92,8,24,19.17,50.3,96.9,0,0,1,68.5,67.8,0,19.0,1,0,27.7,1,56,0.509,1,115,Medium
93,12,24,26.43,71.6,73.5,2,1,1,24.6,26.3,2,8.1,1,0,35.4,0,245,0.98,1,173,High
94,2,6,8.37,14.8,64.3,1,0,2,32.8,27.9,0,11.2,1,0,32.4,0,184,0.646,1,115,Medium
95,1,2,1.73,15.5,85.4,0,0,0,77.5,67.3,0,20.2,1,1,37.2,1,104,0.371,0,1,Low
96,16,48,62.78,39.8,83.2,1,1,0,61.0,60.3,0,9.9,1,0,28.3,0,205,0.622,1,138,Medium
97,5,5,12.95,9.1,86.2,0,1,2,62.7,61.7,1,17.8,1,0,43.4,2,291,0.686,1,132,Medium
98,3,3,8.11,47.0,87.1,0,1,1,28.9,33.8,0,7.7,1,0,28.2,0,141,0.667,1,104,Medium
99,12,24,23.3,19.1,80.5,0,0,0,66.6,73.9,1,7.0,0,0,41.1,0,147,0.474,1,81,Medium
100,8,16,23.36,48.3,46.7,0,1,1,79.4,91.6,0,13.5,1,1,32.5,2,77,0.868,1,174,High
101,3,6,6.01,36.2,92.1,0,0,2,89.7,98.1,0,24.5,0,0,28.8,1,254,0.511,1,98,Medium
102,1,3,0.95,23.6,87.8,0,0,1,76.3,78.3,1,16.3,1,1,44.3,0,52,0.451,1,81,Medium
103,3,6,5.42,52.7,84.7,1,1,2,61.9,58.1,0,12.8,1,0,53.8,4,178,0.98,1,240,High
104,5,5,4.12,28.5,68.6,1,1,0,70.6,47.6,0,16.2,1,0,50.4,0,52,0.703,1,136,High
105,15,45,66.3,54.9,80.0,0,0,0,53.7,56.0,1,14.3,1,1,23.0,1,293,0.576,1,126,Medium
106,14,28,61.23,29.1,56.5,0,1,2,30.4,46.8,1,7.1,1,0,35.9,2,165,0.844,1,163,High
107,3,9,6.79,28.9,35.3,1,0,1,89.4,77.9,4,10.2,1,0,44.3,0,72,0.641,1,119,Medium
108,1,3,3.49,19.4,83.3,0,0,0,57.9,47.9,2,4.9,1,1,39.7,2,190,0.475,1,102,Medium
109,5,10,10.4,25.7,62.2,0,0,1,63.5,83.1,0,14.6,1,0,45.4,1,257,0.42,0,5,Medium
110,14,42,45.96,28.5,74.7,0,0,1,99.1,100.0,0,20.9,1,0,54.1,0,188,0.341,0,12,Low
111,7,7,26.46,51.4,32.9,2,0,0,98.7,86.2,0,22.7,1,1,32.0,1,157,0.932,1,196,High
112,9,9,38.73,15.2,57.2,2,0,1,62.8,100.0,0,9.7,1,0,47.0,2,271,0.728,1,192,High
113,15,45,34.21,12.9,64.8,1,0,0,13.1,19.4,0,6.8,0,0,23.3,2,114,0.837,1,189,High
114,15,30,55.47,15.4,86.7,0,0,0,45.7,59.6,0,15.2,1,0,50.4,1,216,0.428,0,11,Medium
115,10,30,17.84,38.5,75.4,1,1,1,94.4,89.1,0,4.7,0,1,47.2,0,47,0.98,1,181,High
116,13,13,58.03,30.2,53.5,0,0,0,35.9,39.8,0,3.9,1,0,38.2,0,166,0.489,1,88,Medium
117,19,57,17.01,34.4,71.2,0,0,0,99.9,100.0,0,17.0,1,0,48.7,1,84,0.31,0,12,Low
118,7,21,21.23,62.0,66.7,0,3,2,17.6,4.1,0,2.1,0,1,43.3,1,156,0.98,1,175,High
119,17,17,55.08,16.1,50.1,1,0,1,61.1,85.9,0,12.6,1,1,39.3,3,260,0.805,1,213,High
120,4,12,13.38,35.9,84.3,0,1,1,56.4,55.8,1,15.6,1,0,53.1,0,110,0.658,1,98,Medium
121,5,15,6.23,46.1,68.3,0,0,0,33.0,25.5,0,4.4,1,0,24.6,0,98,0.474,1,105,Medium
122,7,14,29.91,37.3,30.7,1,3,0,95.4,78.0,0,29.6,1,1,54.8,0,139,0.98,1,173,High
123,13,26,19.11,10.3,90.3,2,1,1,65.7,74.1,0,4.3,1,0,25.4,0,180,0.763,1,164,High
124,15,15,46.56,49.1,63.1,1,0,0,30.7,34.5,1,24.2,0,0,36.8,0,153,0.808,1,152,High
125,11,11,17.86,37.4,78.9,0,0,1,44.6,30.0,2,24.5,1,0,28.1,1,174,0.52,1,81,Medium
126,4,4,7.75,15.2,78.6,2,0,1,74.9,77.0,0,20.0,1,1,29.5,0,100,0.702,1,142,High
127,13,26,36.68,55.7,61.8,1,0,1,36.8,44.1,1,16.3,1,0,42.1,2,153,0.805,1,186,High
128,7,7,16.41,9.6,84.9,1,0,0,89.2,83.3,1,14.9,1,1,21.2,1,119,0.498,1,111,Medium
129,19,19,26.46,6.8,83.7,0,0,0,24.9,30.5,1,5.5,1,0,52.9,2,92,0.412,0,8,Medium
130,2,2,2.86,29.2,53.2,0,0,3,33.8,33.9,3,6.9,1,0,29.8,0,233,0.634,1,116,Medium
131,10,20,23.47,24.1,62.5,0,0,4,23.0,19.7,2,9.2,1,1,29.5,1,206,0.88,1,159,High
132,13,39,46.83,23.1,80.6,0,1,1,19.4,5.0,0,12.4,1,0,50.2,1,202,0.674,1,121,Medium
133,6,6,24.73,43.4,73.1,0,1,2,37.0,40.0,0,9.5,1,0,46.8,4,210,0.95,1,239,High
134,12,36,13.34,36.1,65.7,0,0,1,99.9,68.8,1,10.6,0,1,43.5,2,88,0.729,1,134,High
135,12,12,27.05,32.7,53.4,0,0,0,18.5,40.1,4,5.5,0,0,25.1,1,275,0.71,1,116,High
136,11,33,12.88,4.5,38.6,2,0,0,29.2,47.0,2,25.9,1,0,46.9,1,157,0.793,1,177,High
137,7,14,6.03,47.9,75.6,0,0,0,34.4,19.0,0,13.8,1,0,32.6,0,52,0.485,1,80,Medium
138,1,2,3.25,33.7,60.4,0,0,1,65.7,44.1,0,29.5,1,0,54.8,1,50,0.452,1,92,Medium
139,1,1,3.03,35.7,51.0,1,1,1,77.1,94.6,2,4.6,0,0,43.5,4,129,0.98,1,228,High
140,13,39,18.24,2.3,74.9,0,1,3,77.7,75.2,1,4.9,1,0,49.3,0,16,0.512,1,65,Medium
141,9,18,14.99,64.8,73.2,0,0,2,10.8,11.7,1,20.5,0,1,45.7,1,29,0.98,1,178,High
142,3,3,2.66,22.1,74.5,0,0,2,68.7,69.1,1,9.0,1,0,40.8,1,98,0.426,0,13,Medium
143,7,7,27.23,5.9,62.2,2,0,2,66.8,47.1,0,22.3,0,1,45.1,2,268,0.98,1,226,High
144,6,12,26.44,62.7,80.3,4,2,2,56.6,68.4,2,19.0,1,1,40.9,0,240,0.98,1,237,High
145,8,16,10.41,16.5,60.8,1,1,0,44.1,50.8,2,11.0,1,1,21.8,0,202,0.771,1,154,High
146,9,9,14.91,54.8,94.7,1,0,0,81.8,82.1,1,6.0,1,0,32.1,0,39,0.456,1,86,Medium
147,5,15,20.07,36.9,67.5,0,0,1,40.9,6.9,1,6.4,0,0,31.1,0,284,0.691,1,129,Medium
148,1,3,4.23,35.1,71.5,2,0,1,30.7,38.3,1,7.7,1,0,45.0,1,254,0.845,1,188,High
149,19,57,44.7,21.0,60.8,3,0,0,37.9,43.6,0,12.1,1,0,40.2,0,260,0.803,1,172,High
150,10,10,9.87,43.6,89.4,1,0,2,49.6,48.2,0,16.4,0,0,41.4,1,191,0.851,1,159,High
151,12,24,11.35,19.4,71.6,1,0,3,29.3,43.8,0,6.2,1,1,49.6,2,177,0.963,1,191,High
152,15,15,43.85,10.6,91.4,0,1,1,64.7,81.6,3,6.8,1,0,38.4,0,228,0.473,1,67,Medium
153,9,18,20.28,22.9,84.4,0,0,1,89.6,94.6,0,6.4,1,1,27.6,0,275,0.379,0,0,Low
154,17,51,15.4,42.8,90.6,2,3,2,63.6,40.9,0,38.7,1,0,20.4,4,250,0.98,1,268,High
155,17,51,50.29,29.1,82.3,1,0,0,50.2,31.2,1,8.5,1,0,25.6,1,159,0.564,1,98,Medium
156,12,24,10.1,22.4,68.1,1,0,0,81.7,71.2,0,14.4,0,0,21.1,0,83,0.626,1,130,Medium
157,7,14,25.99,24.9,72.1,1,0,2,77.3,73.6,0,19.7,1,0,28.3,0,265,0.592,1,131,Medium
158,2,2,3.87,57.5,59.3,2,0,1,43.0,55.6,1,6.9,1,1,42.2,4,68,0.98,1,281,High
159,3,9,2.85,14.5,90.1,1,1,1,64.4,69.3,1,15.7,1,1,25.3,0,189,0.755,1,145,High
160,17,17,50.61,36.6,84.8,0,0,2,75.7,73.2,1,15.6,1,0,22.9,1,237,0.43,0,5,Medium
161,5,5,11.36,57.2,71.9,0,0,0,32.1,41.5,1,6.2,1,1,54.0,0,191,0.719,1,98,High
162,17,17,74.85,42.8,53.4,4,0,1,43.0,31.4,1,8.5,1,0,54.9,0,76,0.864,1,228,High
163,17,51,47.83,4.1,72.5,1,0,1,19.5,28.9,0,15.7,1,0,42.3,2,30,0.701,1,163,High
164,17,17,30.91,11.5,90.5,3,1,0,98.9,100.0,1,10.4,1,0,23.8,0,223,0.82,1,183,High
165,2,2,6.85,34.3,90.9,2,2,0,17.7,25.5,0,21.1,1,1,48.8,0,149,0.98,1,178,High
166,2,2,3.61,32.5,70.4,1,0,3,25.2,37.9,0,4.8,1,0,38.9,0,57,0.744,1,126,High
167,5,5,20.73,11.3,88.4,0,2,0,53.2,52.5,0,22.3,1,0,26.4,1,186,0.751,1,141,High
168,1,1,2.19,11.0,64.8,0,0,0,87.9,58.0,0,10.9,1,0,40.1,0,94,0.305,0,9,Low
169,1,1,2.83,60.3,73.8,1,0,1,42.0,32.1,0,9.7,0,1,21.4,0,202,0.908,1,176,High
170,19,57,18.76,68.1,96.4,0,1,0,79.2,90.9,0,16.7,1,1,54.0,0,141,0.65,1,119,Medium
171,2,2,4.75,38.3,87.8,1,0,2,70.8,62.3,1,10.0,1,0,48.9,0,21,0.589,1,103,Medium
172,12,24,46.56,23.9,74.5,1,0,0,67.5,57.5,1,12.6,1,1,29.1,0,36,0.562,1,120,Medium
173,6,6,22.69,49.1,71.6,0,0,1,86.1,87.0,0,18.7,1,0,34.7,3,38,0.559,1,125,Medium
174,4,4,6.52,31.9,85.0,1,0,0,11.3,27.7,4,14.2,1,0,33.8,0,265,0.613,1,116,Medium
175,11,33,18.0,22.9,67.4,0,0,2,93.6,100.0,1,20.1,1,0,50.2,1,164,0.485,1,83,Medium
176,17,51,65.01,36.1,68.8,0,0,1,84.6,100.0,3,9.4,1,0,32.4,0,177,0.339,0,11,Low
177,6,12,25.45,19.6,61.7,0,1,0,94.4,100.0,1,14.3,1,0,21.7,0,130,0.453,1,65,Medium
178,5,10,5.76,16.9,69.9,2,0,4,81.4,86.8,0,26.7,0,0,27.5,0,197,0.901,1,191,High
179,2,6,4.93,26.6,60.1,0,0,0,89.1,85.6,4,4.0,0,1,27.5,0,260,0.598,1,101,Medium
180,6,18,12.29,29.4,83.7,0,1,1,28.3,5.0,3,14.8,1,0,53.2,0,145,0.654,1,118,Medium
181,11,11,44.24,5.6,97.4,0,0,4,38.7,40.9,1,18.0,1,0,52.3,1,289,0.562,1,111,Medium
182,16,48,17.74,39.4,16.4,0,0,1,38.4,39.0,0,25.3,1,0,30.5,3,139,0.697,1,178,Medium
183,16,32,25.3,13.8,76.0,0,1,1,19.8,29.8,0,14.6,1,0,20.1,0,229,0.662,1,98,Medium
184,1,1,3.58,26.7,54.6,0,1,0,75.7,80.3,2,15.8,1,1,38.1,1,285,0.755,1,145,High
185,9,18,8.91,38.7,77.7,2,0,0,22.3,26.3,0,7.9,1,0,47.9,0,83,0.816,1,175,High
186,6,6,15.73,60.5,84.5,0,0,0,14.7,31.7,1,23.0,1,1,29.4,0,270,0.639,1,93,Medium
187,16,48,38.97,11.1,50.4,1,0,4,79.8,75.9,1,16.9,1,0,35.4,0,276,0.683,1,140,Medium
188,3,6,6.11,22.0,75.3,0,0,4,91.4,100.0,0,7.7,1,0,26.0,0,161,0.526,1,94,Medium
189,4,4,9.04,24.3,61.9,4,0,0,78.8,98.1,1,7.1,1,0,31.5,0,29,0.631,1,173,Medium
190,19,19,52.45,37.0,57.4,0,0,0,84.3,76.0,1,10.2,1,0,46.6,1,191,0.411,0,18,Medium
191,3,9,4.19,45.1,88.4,2,0,0,63.6,57.5,0,12.2,1,0,35.0,0,96,0.7,1,150,Medium
192,19,57,55.41,33.9,93.6,1,0,0,89.9,78.4,1,11.3,1,0,35.7,0,188,0.399,0,0,Low
193,7,21,26.46,37.0,86.0,1,0,0,54.7,34.3,2,11.7,1,0,47.6,1,65,0.548,1,124,Medium
194,9,18,32.51,1.2,73.6,2,1,1,98.9,100.0,1,10.0,1,1,46.7,0,281,0.759,1,161,High
195,1,1,1.37,11.2,45.7,0,0,2,19.3,67.1,1,11.6,1,1,26.6,1,18,0.659,1,141,Medium
196,8,24,10.82,20.2,79.0,1,0,1,82.8,86.0,0,20.5,1,0,34.5,0,271,0.534,1,96,Medium
197,7,14,12.55,24.0,96.6,0,0,1,67.7,62.7,0,16.7,1,0,49.7,0,23,0.349,0,1,Low
198,18,36,38.45,14.3,70.4,1,0,2,62.3,88.4,5,4.4,0,0,36.0,2,287,0.787,1,159,High
199,8,16,18.49,10.6,71.5,3,0,1,75.3,84.3,1,21.7,0,0,43.2,0,271,0.843,1,183,High
200,1,3,3.31,29.3,48.4,2,0,1,85.6,74.3,0,14.6,1,1,30.7,2,162,0.912,1,210,High
201,11,33,11.11,21.4,31.0,0,0,0,87.7,74.5,1,6.1,1,0,22.1,0,206,0.293,0,12,Low
202,18,18,16.71,24.1,79.2,0,1,0,25.8,38.1,1,12.6,1,0,25.8,0,138,0.544,1,92,Medium
203,10,10,22.5,3.0,94.0,0,0,1,27.7,33.4,0,7.6,1,0,34.1,0,218,0.324,0,3,Low
204,3,9,10.14,24.5,61.5,0,0,3,11.5,28.3,3,7.6,1,1,32.4,0,99,0.815,1,140,High
205,7,14,10.61,4.6,82.3,0,0,1,21.9,32.5,0,10.0,1,0,51.3,0,172,0.431,0,7,Medium
206,16,32,50.78,23.1,71.2,0,0,3,33.7,15.4,1,21.6,1,1,39.1,0,37,0.709,1,115,High
207,16,32,28.18,20.2,76.5,4,0,0,74.9,63.3,1,2.2,0,0,42.0,0,134,0.813,1,201,High
208,17,17,69.33,16.9,29.4,1,0,2,52.8,39.6,0,8.5,1,1,44.1,0,70,0.779,1,159,High
209,2,4,8.23,7.7,69.7,1,2,2,78.2,81.5,2,17.3,1,1,38.6,2,16,0.98,1,194,High
210,1,1,1.9,52.6,74.6,0,0,1,53.8,52.0,1,35.1,1,1,46.9,0,230,0.676,1,87,Medium
211,16,16,26.42,24.9,74.3,1,0,3,60.0,53.2,2,44.7,1,0,47.4,1,47,0.709,1,141,High
212,12,24,27.86,16.1,43.6,3,0,1,20.0,15.3,0,10.2,1,0,32.3,2,263,0.98,1,233,High
213,5,10,8.45,27.8,79.4,1,1,0,79.9,90.0,3,5.5,1,1,23.0,0,251,0.689,1,131,Medium
214,5,15,16.44,8.1,97.1,0,0,0,78.2,75.5,0,15.2,1,1,54.5,0,122,0.297,0,9,Low
215,9,27,34.71,28.6,90.4,0,0,1,37.7,27.5,1,16.7,0,0,42.5,0,285,0.649,1,112,Medium
216,9,18,29.61,10.2,61.0,4,1,3,39.6,20.0,3,20.8,1,0,44.8,0,176,0.98,1,211,High
217,3,3,11.55,2.7,73.8,0,3,0,29.8,16.3,0,15.2,1,0,46.5,0,285,0.694,1,119,Medium
218,19,19,43.11,7.9,47.2,1,0,1,83.2,99.2,0,5.1,1,0,41.5,0,162,0.566,1,113,Medium
219,16,16,22.05,49.2,76.9,0,0,2,77.2,67.2,5,2.4,1,0,36.5,0,120,0.474,1,84,Medium
220,16,16,56.49,4.0,85.9,0,0,0,64.8,92.0,4,22.6,1,0,54.5,0,45,0.293,0,9,Low
221,3,3,6.4,7.9,93.7,2,0,0,31.5,40.9,2,19.3,1,0,45.5,0,272,0.607,1,129,Medium
222,1,3,3.28,2.5,88.7,0,0,0,25.5,13.3,1,6.3,1,0,49.6,0,283,0.268,0,0,Low
223,11,22,19.82,22.9,63.2,0,0,0,14.5,5.3,1,6.1,1,1,35.4,0,285,0.617,1,102,Medium
224,17,51,18.71,7.2,54.1,0,1,0,14.1,0.0,0,30.6,1,1,51.7,1,39,0.834,1,160,High
225,8,8,35.78,2.5,75.0,3,0,0,26.8,20.2,0,20.9,1,0,45.6,1,42,0.757,1,181,High
226,4,4,5.51,55.5,71.2,0,0,0,19.0,48.2,0,10.1,1,1,46.1,0,119,0.656,1,105,Medium
227,6,6,26.74,60.6,52.8,2,1,1,60.0,84.5,0,7.0,1,1,23.0,2,282,0.98,1,220,High
228,8,8,35.33,40.5,81.8,0,1,1,42.2,66.3,1,9.9,1,0,41.6,0,227,0.605,1,90,Medium
229,3,6,11.21,20.4,90.6,2,0,1,50.0,59.1,1,8.5,0,0,31.7,1,200,0.906,1,195,High
230,16,16,51.84,9.3,31.2,4,0,1,63.5,60.8,1,16.8,1,0,43.4,0,158,0.822,1,219,High
231,3,6,8.81,25.8,51.1,0,0,3,69.3,70.8,1,13.7,1,1,39.9,0,204,0.662,1,112,Medium
232,18,18,72.08,17.0,90.6,0,0,2,68.3,76.5,2,7.9,0,0,23.9,1,88,0.554,1,92,Medium
233,14,28,26.19,8.4,62.5,0,0,3,33.5,33.3,0,17.7,0,0,38.5,4,105,0.904,1,188,High
234,18,54,45.55,13.9,90.8,1,0,0,82.9,71.1,0,7.3,1,1,35.8,1,66,0.585,1,141,Medium
235,2,2,6.18,35.8,85.3,0,0,2,92.6,91.5,1,8.1,1,0,47.2,0,111,0.415,0,4,Medium
236,3,6,6.96,32.7,77.8,0,0,2,38.4,18.1,0,10.6,0,0,37.6,0,30,0.753,1,135,High
237,16,48,38.11,46.7,60.5,0,0,0,11.5,20.4,0,21.1,1,1,36.8,0,152,0.626,1,106,Medium
238,9,9,18.2,65.0,42.4,0,0,0,90.9,77.3,1,7.5,1,0,45.2,1,157,0.532,1,116,Medium
239,4,4,11.55,4.8,55.8,0,0,1,93.1,100.0,0,19.0,1,0,43.4,0,296,0.3,0,3,Low
240,1,1,3.95,25.2,81.9,2,0,0,14.6,0.0,3,30.4,1,1,54.7,1,203,0.931,1,202,High
241,4,8,6.18,21.9,61.0,2,0,0,10.4,7.9,1,8.8,0,0,32.3,1,29,0.927,1,194,High
242,1,2,4.26,50.1,79.9,0,0,1,83.5,87.6,0,19.9,1,0,44.1,1,148,0.396,0,1,Low
243,14,42,46.89,3.9,45.6,1,3,1,37.1,34.6,1,22.4,1,0,25.9,1,123,0.976,1,176,High
244,16,32,61.54,16.4,83.9,1,0,3,92.3,100.0,2,47.0,1,0,48.2,1,143,0.596,1,114,Medium
245,8,16,22.86,11.0,54.8,1,0,1,29.5,36.2,1,15.6,0,0,47.5,0,128,0.706,1,125,High
246,7,7,25.79,40.4,83.9,0,0,1,87.5,81.2,3,10.9,1,0,45.4,1,101,0.439,0,5,Medium
247,3,3,2.58,58.8,87.0,0,0,0,16.2,7.4,2,26.7,1,0,24.2,2,240,0.638,1,127,Medium
248,17,17,65.08,9.4,88.0,1,0,1,33.5,23.6,0,17.9,1,1,54.6,2,177,0.7,1,172,Medium
249,1,1,0.95,22.2,53.1,1,0,1,97.6,85.5,0,17.0,1,0,53.0,0,138,0.503,1,118,Medium
250,16,16,65.48,41.7,91.4,0,1,2,30.8,62.3,1,15.9,1,0,33.0,1,121,0.815,1,157,High
251,12,12,53.64,5.5,68.2,0,1,0,22.0,12.5,0,31.3,0,0,40.2,4,143,0.943,1,240,High
252,19,19,35.87,54.4,51.0,0,0,1,87.1,100.0,1,8.5,1,0,51.1,1,253,0.474,1,106,Medium
253,14,42,22.09,7.7,82.5,0,0,1,20.6,23.1,2,20.1,0,1,37.3,0,55,0.689,1,102,Medium
254,6,18,21.79,10.6,73.7,0,0,2,18.8,13.5,1,15.9,1,0,41.0,2,154,0.692,1,139,Medium
255,6,18,10.42,39.8,83.1,0,0,3,39.1,42.0,0,23.4,1,0,41.1,0,152,0.553,1,97,Medium
256,13,39,52.03,47.6,69.8,0,1,0,67.2,71.0,1,8.2,1,0,42.7,0,169,0.6,1,82,Medium
257,19,19,22.43,48.3,76.3,2,0,1,74.0,47.6,0,5.4,0,0,40.1,0,248,0.913,1,182,High
258,8,24,10.13,1.4,86.5,0,0,1,89.3,88.1,1,31.3,1,0,34.2,0,59,0.248,0,4,Low
259,2,2,8.85,5.4,78.5,1,0,2,58.7,58.8,1,3.7,1,0,38.9,0,281,0.54,1,129,Medium
260,1,3,3.29,24.0,92.5,1,0,1,45.4,40.5,1,7.7,1,1,50.5,0,268,0.695,1,131,Medium
261,15,30,59.0,54.9,57.6,0,1,0,42.3,10.5,0,4.4,1,1,50.2,1,294,0.831,1,150,High
262,1,3,2.0,14.5,74.9,0,0,0,86.2,81.2,2,21.4,1,1,47.0,2,54,0.485,1,113,Medium
263,5,15,16.51,32.1,90.3,2,0,1,75.1,99.3,1,6.4,1,1,34.5,1,273,0.695,1,145,Medium
264,16,16,47.98,8.2,81.3,0,0,1,91.5,99.8,0,14.8,1,0,47.5,2,82,0.411,0,8,Medium
265,19,57,57.6,5.9,64.1,2,0,0,96.8,81.0,3,6.4,1,1,33.6,0,247,0.655,1,134,Medium
266,4,8,13.3,10.5,49.1,2,0,0,37.0,50.4,2,5.2,1,0,43.2,0,108,0.68,1,158,Medium
267,3,3,8.79,6.2,82.7,1,0,1,57.7,41.1,1,29.9,1,0,39.9,1,221,0.548,1,117,Medium
268,17,17,40.59,19.9,47.0,1,0,4,66.9,70.9,0,17.8,1,0,30.5,1,128,0.779,1,174,High
269,17,51,30.96,56.9,96.9,1,0,3,24.7,28.9,4,9.6,1,0,35.9,1,57,0.778,1,164,High
270,12,12,43.73,15.2,54.6,0,0,1,14.8,9.3,2,12.9,1,0,49.1,0,99,0.544,1,85,Medium
271,14,14,22.92,38.4,46.6,3,0,2,88.1,100.0,1,5.3,0,0,51.9,0,113,0.98,1,210,High
272,6,6,20.17,5.5,88.2,0,0,0,58.2,69.5,1,34.9,1,1,27.2,0,274,0.286,0,12,Low
273,3,3,4.99,13.1,88.8,0,0,1,61.4,49.8,0,7.5,1,1,36.0,0,213,0.49,1,97,Medium
274,9,9,28.02,10.2,68.3,0,2,0,59.9,55.5,0,19.0,0,0,35.2,2,136,0.98,1,162,High
275,5,5,17.82,23.1,88.4,1,0,1,77.9,65.0,0,4.5,1,0,37.1,1,43,0.627,1,134,Medium
276,17,34,27.36,18.7,63.5,0,0,3,23.1,14.5,0,13.8,1,0,54.2,1,113,0.623,1,115,Medium
277,14,42,14.31,38.4,89.9,2,1,2,65.3,75.1,2,16.0,0,0,38.2,0,110,0.98,1,169,High
278,3,6,3.85,54.3,50.6,0,0,1,52.3,52.1,0,11.9,1,0,49.1,1,258,0.588,1,124,Medium
279,1,1,3.04,18.7,55.3,2,0,2,90.7,100.0,2,18.7,0,1,43.2,3,153,0.98,1,244,High
280,1,1,3.94,7.0,80.9,0,1,3,56.8,33.1,1,9.8,1,0,23.8,0,247,0.631,1,109,Medium
281,3,9,2.9,43.6,75.4,0,0,0,94.9,99.0,0,7.8,1,0,44.3,0,135,0.332,0,6,Low
282,18,36,63.29,11.5,70.9,0,3,2,41.8,54.3,0,12.2,0,1,42.6,0,31,0.98,1,167,High
283,10,30,20.63,46.6,24.5,0,0,0,97.0,98.5,1,5.5,1,0,46.5,0,154,0.378,0,4,Low
284,3,6,7.71,28.9,65.8,0,0,2,88.8,68.4,0,5.6,1,0,22.6,1,15,0.394,0,4,Low
285,8,8,33.89,11.6,61.8,3,1,0,62.6,46.9,0,7.6,1,0,28.4,0,198,0.852,1,200,High
286,14,42,28.4,55.4,69.4,0,0,0,41.8,55.4,2,27.3,1,0,46.9,1,37,0.513,1,108,Medium
287,18,54,45.39,62.2,52.6,1,0,1,43.8,35.8,1,11.2,1,1,33.0,0,21,0.772,1,176,High
288,15,15,12.76,12.1,34.0,0,1,0,79.5,67.8,2,37.0,1,0,51.9,0,67,0.581,1,82,Medium
289,2,6,2.2,22.4,70.6,0,2,0,62.3,57.2,1,10.7,1,0,38.1,3,246,0.878,1,191,High
290,10,20,17.57,45.1,64.8,0,0,1,46.1,42.3,2,7.8,1,0,20.0,0,277,0.539,1,96,Medium
291,2,4,1.81,17.5,67.0,0,2,2,67.2,85.0,0,29.2,1,1,44.5,1,112,0.98,1,153,High
292,17,34,53.31,27.3,56.2,2,0,0,76.0,49.8,5,7.6,1,0,38.0,0,208,0.651,1,166,Medium
293,8,16,19.02,29.6,74.5,1,0,2,12.1,20.7,1,10.5,1,0,31.1,2,267,0.835,1,191,High
294,1,1,2.83,19.7,62.7,0,0,2,18.1,40.0,1,5.1,1,1,20.7,3,223,0.76,1,170,High
295,9,27,13.02,26.2,74.7,1,0,1,18.5,32.7,1,24.4,0,1,27.0,0,88,0.895,1,158,High
296,11,22,20.84,28.4,60.1,0,0,1,30.9,65.8,1,11.6,1,1,25.7,0,19,0.582,1,103,Medium
297,16,16,52.1,11.1,91.0,1,0,0,48.4,41.5,5,23.7,1,0,40.4,1,178,0.567,1,112,Medium
298,7,21,30.6,39.8,76.4,2,0,0,82.3,95.7,0,16.2,1,0,46.9,0,136,0.621,1,160,Medium
299,10,30,9.87,56.7,50.0,2,0,0,41.6,40.3,0,11.4,0,1,28.2,1,153,0.98,1,224,High
300,3,3,12.28,52.7,88.1,0,2,0,11.6,3.8,0,14.7,1,0,44.4,2,163,0.97,1,183,High
301,18,18,52.82,27.4,68.8,0,0,0,53.5,20.2,0,25.9,1,0,51.5,1,49,0.347,0,8,Low
302,13,26,37.52,52.8,73.0,0,0,0,99.7,92.7,1,12.8,0,0,41.8,2,49,0.594,1,104,Medium
303,7,21,18.56,29.9,68.3,3,1,1,41.4,57.4,0,10.6,1,0,47.1,0,181,0.98,1,204,High
304,4,12,4.23,17.6,71.7,3,0,1,96.5,70.8,3,2.9,1,0,27.1,2,91,0.728,1,207,High
305,13,13,14.72,7.8,80.5,0,1,3,19.1,50.6,1,15.8,1,0,22.6,0,246,0.741,1,119,High
306,1,3,3.02,26.0,51.6,1,0,0,25.6,31.7,0,11.6,1,0,32.8,0,262,0.657,1,130,Medium
307,8,16,16.49,31.9,66.6,3,0,0,75.2,58.6,0,28.2,1,0,44.8,2,56,0.777,1,216,High
308,14,42,58.71,12.7,44.4,0,0,1,55.1,58.5,0,5.0,1,0,44.0,1,187,0.51,1,111,Medium
309,16,16,36.87,18.6,90.2,2,0,0,78.9,89.2,3,16.1,1,0,53.4,2,44,0.629,1,153,Medium
310,14,14,18.62,30.0,55.5,0,0,2,87.7,80.4,1,4.0,1,0,42.0,2,177,0.61,1,104,Medium
311,12,24,41.33,38.4,85.7,0,0,1,32.6,23.2,0,10.0,1,0,34.4,1,42,0.56,1,87,Medium
312,19,38,35.82,34.7,70.4,0,1,1,71.5,100.0,0,27.0,0,0,47.9,0,187,0.761,1,106,High
313,15,45,41.16,37.0,81.4,0,0,0,64.7,59.6,0,26.7,0,0,25.4,1,168,0.542,1,102,Medium
314,2,6,6.76,42.9,60.6,2,0,0,87.5,85.3,0,15.7,1,0,48.5,0,240,0.663,1,144,Medium
315,2,2,8.26,9.6,82.0,0,0,1,48.7,68.6,2,15.8,1,0,32.8,0,139,0.393,0,13,Low
316,19,38,70.89,13.5,66.9,0,0,0,14.7,13.6,1,20.3,1,0,25.4,1,171,0.584,1,112,Medium
317,17,34,56.14,10.4,86.4,0,1,0,61.7,73.2,1,11.7,1,1,25.7,2,208,0.619,1,132,Medium
318,10,20,33.15,48.5,59.8,1,0,1,96.3,89.2,3,10.8,1,0,54.4,1,277,0.605,1,113,Medium
319,6,18,25.8,28.7,67.7,1,0,0,11.3,0.8,0,5.1,1,1,41.8,0,89,0.719,1,132,High
320,15,30,28.42,16.4,79.0,1,0,2,31.6,37.3,1,12.9,1,0,26.1,2,137,0.715,1,158,High
321,11,11,8.85,9.2,73.4,0,0,0,38.4,23.7,1,5.5,1,0,29.4,3,94,0.579,1,152,Medium
322,5,5,9.03,26.5,67.6,1,0,0,78.9,85.0,0,9.5,1,0,33.0,0,148,0.417,0,0,Medium
323,1,3,1.61,15.4,42.4,2,1,0,39.1,25.3,0,21.1,1,0,22.0,0,273,0.924,1,210,High
324,8,24,25.99,44.5,80.1,0,0,0,31.5,37.5,1,15.1,0,0,23.8,0,107,0.639,1,90,Medium
325,12,24,37.74,45.3,32.5,1,0,0,68.4,86.9,0,7.3,1,0,46.7,0,131,0.648,1,120,Medium
326,12,36,35.95,23.2,65.2,2,0,0,14.2,0.0,1,9.2,1,1,47.5,0,182,0.939,1,201,High
327,5,5,4.3,25.0,78.0,1,0,0,25.4,19.2,1,13.3,1,0,54.6,0,31,0.606,1,111,Medium
328,7,14,24.48,55.2,91.1,1,0,0,46.7,17.3,0,17.2,1,0,22.4,1,244,0.643,1,142,Medium
329,4,4,7.99,43.3,71.6,1,0,2,42.0,37.6,0,6.7,1,0,51.1,1,25,0.748,1,147,High
330,6,12,19.56,44.1,95.4,0,0,2,41.2,46.2,0,24.9,1,0,31.1,4,75,0.628,1,174,Medium
331,13,39,37.17,43.9,83.3,1,0,0,19.8,14.7,1,12.4,1,0,31.5,0,259,0.593,1,98,Medium
332,15,30,31.02,8.4,65.5,2,1,0,42.5,10.4,0,6.6,1,0,24.5,0,84,0.859,1,200,High
333,3,6,3.89,9.6,74.9,0,0,1,81.8,95.3,3,7.7,1,0,54.5,0,255,0.355,0,9,Low
334,8,8,9.19,12.4,88.0,2,0,2,47.2,25.3,2,24.2,1,1,54.3,3,208,0.98,1,248,High
335,16,16,62.03,29.7,66.1,1,1,3,62.8,75.3,0,17.5,1,0,50.3,0,183,0.87,1,164,High
336,13,26,54.57,35.0,80.6,0,1,0,24.7,13.5,2,21.6,1,0,23.2,0,246,0.673,1,99,Medium
337,18,54,57.68,18.8,47.7,1,0,1,16.3,3.2,1,15.3,1,0,49.5,1,108,0.781,1,168,High
338,10,30,11.83,60.4,58.5,0,1,1,89.2,89.4,0,1.8,1,0,42.2,0,146,0.651,1,98,Medium
339,19,19,43.46,13.8,79.0,2,0,2,39.8,55.8,1,6.8,1,1,24.5,1,21,0.873,1,169,High
340,17,51,59.45,58.0,55.8,0,0,0,41.5,70.8,1,24.6,1,0,29.2,0,96,0.464,1,75,Medium
341,19,19,70.02,8.5,32.2,2,1,1,89.0,82.8,0,6.2,1,0,44.1,2,150,0.936,1,211,High
342,5,15,6.19,26.7,73.7,0,1,0,73.7,54.2,0,13.1,1,1,48.1,1,93,0.656,1,122,Medium
343,9,18,7.2,4.7,81.3,1,0,0,78.1,83.3,0,5.0,0,0,49.7,0,24,0.515,1,102,Medium
344,12,12,41.22,6.0,77.5,4,0,1,71.4,51.3,0,9.5,1,0,39.0,0,124,0.731,1,180,High
345,1,1,2.12,48.2,85.8,0,0,0,19.5,30.7,0,9.9,1,1,38.7,0,265,0.624,1,119,Medium
346,1,2,1.74,25.8,80.3,1,0,1,96.2,100.0,1,6.0,1,0,43.9,2,208,0.518,1,125,Medium
347,15,15,12.72,6.1,56.1,0,1,1,91.8,100.0,0,7.5,1,1,47.2,1,120,0.616,1,126,Medium
348,2,6,5.6,22.9,91.0,2,0,2,31.3,47.1,0,14.3,1,1,26.0,1,221,0.896,1,190,High
349,16,48,63.19,12.5,90.7,1,0,0,82.4,84.5,0,8.8,0,0,45.9,0,164,0.495,1,99,Medium
350,8,8,34.75,73.8,59.6,3,0,0,46.8,47.3,2,53.2,1,1,32.0,1,240,0.98,1,235,High
351,13,39,37.61,52.4,93.8,2,1,0,71.5,58.2,0,18.0,1,0,33.4,0,274,0.802,1,144,High
352,1,1,2.7,65.4,52.7,0,0,1,24.9,11.3,0,18.9,1,1,22.7,0,103,0.757,1,114,High
353,16,32,17.84,41.5,70.7,0,0,1,58.5,57.9,1,21.8,1,0,40.6,0,83,0.474,1,79,Medium
354,7,7,19.82,36.7,56.9,1,1,0,21.4,5.2,2,15.8,1,1,23.3,1,197,0.975,1,192,High
355,5,10,11.03,14.7,58.4,0,0,1,58.3,54.3,1,7.9,1,0,52.0,1,61,0.467,1,90,Medium
356,3,9,9.14,3.3,81.2,0,1,1,31.9,24.8,0,18.8,0,0,41.7,0,297,0.785,1,136,High
357,12,24,26.86,35.1,31.2,0,0,0,50.7,59.6,0,10.3,1,1,54.7,2,160,0.713,1,134,High
358,16,48,27.03,43.1,60.9,1,0,1,70.1,69.8,0,5.3,1,0,28.6,0,135,0.599,1,116,Medium
359,19,19,21.88,35.4,91.6,0,0,1,88.9,100.0,1,16.6,1,0,43.8,1,81,0.346,0,14,Low
360,5,15,9.83,51.9,57.9,2,0,2,24.9,20.4,0,15.5,0,0,53.8,4,16,0.98,1,251,High
361,14,14,16.21,18.0,80.7,2,0,1,90.4,72.9,0,19.0,0,0,30.5,1,259,0.751,1,190,High
362,5,5,7.27,29.5,76.9,1,0,0,45.1,53.3,1,11.6,1,0,23.4,2,115,0.59,1,144,Medium
363,15,30,66.8,10.4,84.2,0,0,1,85.9,84.0,0,20.4,1,1,42.2,0,155,0.352,0,3,Low
364,17,34,41.53,29.9,66.1,0,0,1,56.1,52.0,1,6.3,1,0,32.8,0,182,0.449,0,6,Medium
365,14,28,38.75,49.0,86.5,0,0,0,87.6,81.3,0,4.0,1,0,29.6,2,26,0.386,0,9,Low
366,5,10,20.16,30.1,80.8,4,0,2,69.7,69.5,4,13.1,1,1,54.8,3,57,0.98,1,293,High
367,12,36,53.8,24.5,85.4,0,0,0,55.8,51.7,4,8.9,1,0,46.4,0,86,0.366,0,1,Low
368,16,48,47.3,18.5,72.6,0,0,1,38.1,45.9,2,7.1,1,0,37.0,1,18,0.544,1,97,Medium
369,16,48,60.9,40.9,69.2,0,0,3,97.2,100.0,4,10.7,1,0,21.8,0,179,0.48,1,55,Medium
370,7,7,14.07,15.7,79.3,1,0,1,82.1,76.5,0,17.3,1,0,26.7,4,178,0.664,1,204,Medium
371,4,12,7.73,54.4,89.4,1,0,1,44.3,74.3,2,1.5,1,0,30.5,2,46,0.71,1,152,High
372,1,3,2.29,65.6,83.9,0,0,0,25.0,16.4,0,9.7,1,0,37.1,0,199,0.434,0,12,Medium
373,5,15,16.44,14.3,83.1,0,0,0,80.2,80.5,1,28.8,0,0,37.4,1,154,0.464,1,95,Medium
374,10,20,33.24,18.9,65.7,1,0,1,99.1,74.8,0,4.9,1,0,20.9,1,182,0.472,1,124,Medium
375,5,15,9.83,10.2,90.1,0,0,1,35.1,33.5,0,8.5,1,0,53.0,0,77,0.388,0,9,Low
376,4,4,5.17,47.4,87.9,1,0,0,92.4,89.3,4,23.9,1,0,39.0,0,235,0.434,0,1,Medium
377,2,4,6.28,7.2,47.1,2,0,3,21.3,20.6,0,11.2,0,1,20.7,0,254,0.98,1,192,High
378,10,10,12.75,26.5,74.7,1,0,0,95.7,100.0,2,14.0,1,0,44.5,2,233,0.433,0,5,Medium
379,19,57,55.87,10.7,35.1,1,2,1,77.1,100.0,1,9.8,1,0,22.5,0,255,0.891,1,157,High
380,1,2,3.37,34.7,34.1,2,0,1,41.2,57.8,0,25.1,0,0,45.2,2,224,0.98,1,231,High
381,5,5,16.96,43.0,86.1,2,0,1,37.4,35.9,1,8.1,0,0,44.6,3,186,0.98,1,229,High
382,13,39,46.64,29.4,59.7,0,1,1,67.9,70.9,0,12.8,1,0,54.5,0,34,0.712,1,115,High
383,4,4,16.12,2.7,59.0,0,0,0,63.4,86.2,3,19.3,1,0,32.0,1,110,0.404,0,7,Medium
384,16,16,42.4,34.9,87.7,2,0,3,92.7,77.7,4,7.3,0,0,25.1,1,41,0.949,1,222,High
385,16,16,56.03,3.2,39.8,0,0,1,79.0,90.8,2,4.6,0,0,23.2,3,90,0.692,1,144,Medium
386,2,6,6.18,24.8,77.9,3,0,1,58.6,45.3,2,2.5,1,0,22.5,2,281,0.854,1,229,High
387,17,51,25.34,31.0,96.3,0,0,1,93.5,100.0,0,17.3,1,0,48.4,1,178,0.374,0,17,Low
388,12,12,10.74,9.7,74.1,3,0,0,63.3,61.3,0,5.9,1,0,45.1,3,245,0.812,1,208,High
389,18,36,33.35,16.1,66.7,1,0,2,86.5,73.3,0,15.6,1,0,54.2,0,204,0.581,1,107,Medium
390,3,6,7.32,33.0,90.8,1,0,1,85.7,75.8,1,15.1,1,0,30.8,0,286,0.446,0,1,Medium
391,1,3,3.08,61.7,93.8,0,1,1,92.7,85.2,0,5.6,1,1,48.1,2,56,0.781,1,159,High
392,1,3,3.94,59.9,25.0,4,0,2,16.1,30.4,1,13.5,0,0,23.3,0,247,0.98,1,250,High
393,19,57,29.0,26.3,70.4,0,0,2,62.5,82.6,1,34.5,1,0,51.6,3,27,0.639,1,148,Medium
394,11,33,13.91,24.4,90.5,0,0,0,52.2,46.2,0,17.8,0,0,21.8,1,50,0.54,1,93,Medium
395,5,15,21.82,9.5,46.9,0,0,2,54.1,41.0,0,49.4,0,0,47.6,0,89,0.57,1,81,Medium
396,12,24,14.4,12.1,55.7,3,0,0,51.4,81.8,0,8.8,0,0,30.8,0,153,0.869,1,212,High
397,3,9,7.71,25.7,76.8,0,0,1,85.4,97.7,2,13.9,1,0,26.3,0,138,0.317,0,4,Low
398,1,1,2.97,49.5,38.6,1,0,0,38.7,27.1,0,7.0,1,0,44.7,0,264,0.657,1,114,Medium
399,1,1,2.8,29.2,92.5,1,1,0,51.6,57.0,0,28.9,1,1,51.4,0,171,0.764,1,125,High
400,8,16,8.95,15.7,62.7,2,0,0,28.1,21.9,2,10.3,0,0,46.7,2,33,0.98,1,216,High
401,10,10,10.11,15.4,43.1,1,0,0,32.7,13.4,0,5.5,1,1,31.0,1,139,0.766,1,169,High
402,11,22,13.09,20.1,73.3,1,1,0,69.4,64.7,0,13.8,1,0,32.4,0,223,0.666,1,115,Medium
403,12,24,35.6,13.5,69.2,1,0,1,20.5,0.0,2,8.5,1,1,26.6,0,141,0.734,1,142,High
404,13,13,36.58,10.3,70.5,1,0,0,26.9,19.7,1,15.4,1,0,48.8,0,114,0.55,1,128,Medium
405,12,36,19.98,12.8,71.1,0,0,1,57.5,51.7,1,11.4,0,0,23.7,4,266,0.732,1,167,High
406,14,14,44.24,26.1,70.4,0,0,0,13.9,5.8,0,18.0,1,0,51.6,0,249,0.505,1,76,Medium
407,2,2,7.67,7.8,43.0,0,0,0,21.4,35.1,0,2.8,1,1,41.0,0,218,0.582,1,92,Medium
408,19,38,18.12,4.6,88.8,0,2,1,87.7,93.8,1,12.4,1,0,40.6,1,74,0.715,1,110,High
409,18,18,47.58,29.6,55.9,0,0,0,86.2,76.6,0,6.9,0,0,49.3,1,270,0.586,1,100,Medium
410,3,6,10.05,23.6,97.7,1,0,0,41.3,46.1,2,22.0,1,1,43.4,0,70,0.624,1,121,Medium
411,17,51,29.47,46.2,86.9,3,0,4,41.3,60.9,0,27.4,0,0,30.6,4,273,0.98,1,265,High
412,8,24,15.51,55.8,75.1,0,0,0,94.3,81.9,0,8.2,1,0,32.2,1,181,0.403,0,18,Medium
413,10,30,30.7,13.9,84.1,1,0,1,12.3,0.0,0,0.9,1,0,26.1,0,57,0.593,1,108,Medium
414,2,2,8.24,35.3,73.8,0,0,0,62.2,45.9,3,15.5,1,0,36.2,2,151,0.502,1,108,Medium
415,19,38,72.14,7.5,60.8,0,0,2,63.8,69.4,1,6.5,1,1,23.9,0,288,0.591,1,87,Medium
416,9,27,26.62,12.4,71.0,1,0,0,80.9,100.0,0,14.7,1,0,42.9,0,264,0.441,0,1,Medium
417,7,14,24.51,28.4,55.1,3,0,3,95.7,100.0,1,6.8,1,0,25.9,2,35,0.978,1,237,High
418,4,8,8.6,31.8,83.3,0,2,0,42.0,61.3,0,15.2,1,0,50.2,4,168,0.868,1,174,High
419,18,54,57.09,10.0,95.7,0,0,0,49.4,16.4,1,4.7,1,0,44.5,0,37,0.251,0,15,Low
420,13,39,32.82,44.0,62.4,0,0,1,70.4,57.9,0,16.5,1,0,51.2,0,283,0.461,1,95,Medium
421,11,22,16.53,52.1,80.6,0,0,1,97.1,80.3,0,30.4,1,0,23.0,1,195,0.444,0,5,Medium
422,4,12,13.59,24.5,45.8,1,0,0,90.2,98.6,0,4.6,1,1,47.9,3,260,0.71,1,165,High
423,4,8,11.44,10.2,74.3,2,0,0,70.0,67.0,0,15.9,1,0,50.8,1,198,0.623,1,135,Medium
424,10,20,21.27,5.4,90.1,1,0,2,87.1,42.1,0,3.3,1,0,21.6,1,154,0.481,1,87,Medium
425,5,15,20.86,81.7,79.7,0,3,0,17.7,29.1,0,11.5,1,1,55.0,0,17,0.98,1,145,High
426,9,9,7.9,5.8,89.7,2,0,1,43.9,61.4,0,11.2,1,0,30.5,1,156,0.639,1,150,Medium
427,3,9,5.91,4.6,47.7,0,0,1,11.2,41.3,3,11.1,1,0,27.4,2,177,0.566,1,125,Medium
428,17,17,17.18,21.8,69.4,1,1,1,26.0,28.5,1,4.3,1,0,34.5,0,246,0.782,1,140,High
429,3,6,10.91,18.5,43.0,0,0,0,66.7,76.0,4,1.4,1,0,20.3,0,172,0.318,0,2,Low
430,16,32,54.36,20.4,73.9,2,0,1,89.7,72.6,0,11.8,0,1,51.0,0,85,0.796,1,174,High
431,4,4,8.1,15.6,63.1,1,0,0,67.0,42.4,0,11.6,0,0,29.4,0,208,0.707,1,137,High
432,18,36,59.4,65.8,60.5,2,0,0,69.8,88.5,1,2.4,1,1,38.3,0,40,0.814,1,168,High
433,17,17,38.5,64.6,75.9,0,0,1,19.3,27.5,1,3.1,1,1,41.8,0,188,0.674,1,119,Medium
434,7,7,25.19,43.0,76.5,1,0,3,69.8,88.5,1,13.4,1,1,47.7,0,200,0.768,1,150,High
435,5,10,12.4,44.4,86.6,1,0,0,50.9,47.1,1,21.1,1,0,28.8,2,127,0.643,1,135,Medium
436,12,12,27.91,37.8,91.5,1,0,0,68.6,100.0,1,13.0,1,0,45.1,0,254,0.441,0,0,Medium
437,17,51,72.39,16.5,93.2,0,0,1,39.4,44.1,2,14.0,1,0,24.1,3,216,0.503,1,118,Medium
438,13,39,22.47,14.0,63.8,0,1,0,62.3,51.0,1,7.6,1,0,44.6,1,242,0.626,1,126,Medium
439,3,6,3.74,32.0,90.4,0,0,1,48.2,43.4,4,11.0,1,0,52.2,0,156,0.413,0,29,Medium
440,9,18,26.67,8.7,64.8,0,0,4,60.3,36.2,3,4.4,1,1,23.0,0,152,0.632,1,121,Medium
441,17,17,74.57,31.5,54.5,2,0,4,23.2,9.1,0,16.1,0,0,24.1,1,118,0.98,1,187,High
442,17,17,37.37,37.2,40.8,2,0,0,45.6,39.8,0,6.5,1,0,39.5,0,133,0.859,1,181,High
443,16,16,16.47,7.9,85.6,0,3,1,43.7,66.9,0,4.7,1,0,21.6,3,291,0.902,1,181,High
444,13,13,26.72,16.8,68.8,3,0,3,76.3,75.3,0,11.8,1,0,26.6,0,211,0.795,1,212,High
445,19,57,50.77,25.3,56.9,0,0,0,73.6,89.9,0,22.1,1,0,26.7,0,279,0.312,0,2,Low
446,17,51,23.78,12.8,94.7,0,0,1,91.8,90.3,0,13.0,1,0,36.8,0,151,0.224,0,5,Low
447,4,8,12.94,6.7,52.9,0,1,0,66.9,51.5,0,22.0,1,0,28.7,1,134,0.562,1,111,Medium
448,12,12,53.9,13.1,31.3,2,1,0,38.3,46.5,1,8.8,1,0,36.6,2,83,0.98,1,201,High
449,9,9,22.24,72.1,56.0,1,1,4,80.5,67.8,0,13.9,1,0,38.2,0,76,0.914,1,172,High
450,19,38,40.14,15.6,89.7,0,0,1,54.7,48.7,1,10.2,1,1,45.6,1,158,0.486,1,68,Medium
451,12,12,27.39,63.5,80.7,1,0,0,27.4,57.9,0,17.2,0,1,53.1,0,240,0.899,1,155,High
452,9,9,11.03,33.3,42.3,0,0,2,77.3,86.4,2,15.0,1,0,37.6,1,135,0.554,1,108,Medium
453,7,7,28.48,45.3,69.5,0,0,1,21.9,9.6,2,7.1,1,0,32.4,0,18,0.556,1,77,Medium
454,14,14,32.69,22.5,73.8,0,0,2,26.0,37.0,0,31.2,1,0,29.1,1,133,0.525,1,99,Medium
455,19,19,42.43,47.0,83.5,0,0,0,78.3,64.2,3,4.9,1,0,42.2,1,115,0.382,0,10,Low
456,15,30,48.61,12.4,57.7,2,0,0,79.3,53.0,0,12.7,1,1,53.0,0,246,0.705,1,159,High
457,16,16,38.97,44.4,65.5,1,0,0,81.2,97.6,2,6.5,1,1,46.8,1,186,0.592,1,116,Medium
458,5,10,15.99,20.1,81.0,0,1,1,36.4,40.8,1,11.6,1,0,27.2,1,220,0.625,1,126,Medium
459,3,3,3.08,18.8,93.6,0,0,0,88.0,85.0,0,6.2,1,1,51.3,1,233,0.377,0,1,Low
460,12,36,45.73,25.2,85.2,0,0,0,75.0,50.0,0,11.6,1,0,45.7,1,127,0.389,0,0,Low
461,4,12,17.12,39.3,85.0,0,0,4,85.1,80.4,0,13.5,1,0,24.5,1,262,0.579,1,104,Medium
462,16,48,51.21,9.0,84.1,0,0,3,73.8,76.7,2,17.1,1,0,44.9,1,176,0.444,0,2,Medium
463,7,21,30.32,11.6,68.8,0,0,1,62.2,44.7,1,3.4,1,0,30.1,3,274,0.53,1,133,Medium
464,13,26,17.68,26.5,82.5,1,1,2,19.8,20.4,0,8.6,1,0,37.2,3,248,0.98,1,224,High
465,10,20,25.66,37.2,68.5,0,0,3,74.0,97.3,1,18.6,1,0,30.5,1,72,0.55,1,103,Medium
466,7,7,21.19,34.7,79.4,0,1,1,72.1,75.5,0,25.2,1,0,22.9,2,164,0.646,1,148,Medium
467,14,42,41.33,18.7,69.9,3,1,1,38.1,46.9,0,14.6,1,0,46.9,3,33,0.98,1,243,High
468,5,10,11.43,37.3,80.2,0,0,2,76.2,69.6,3,40.1,1,0,49.0,0,232,0.481,1,65,Medium
469,3,3,6.15,38.5,66.9,0,1,1,59.5,43.7,1,8.4,1,0,28.1,4,34,0.836,1,198,High
470,11,11,13.96,17.4,56.2,0,1,0,60.3,51.9,0,1.5,0,0,28.4,0,258,0.712,1,109,High
471,11,22,24.74,29.3,55.9,0,2,0,43.1,58.9,3,31.7,1,0,35.0,0,28,0.788,1,141,High
472,18,54,25.23,21.0,37.6,0,1,1,20.5,19.0,0,18.1,1,0,48.4,3,290,0.894,1,214,High
473,15,15,52.76,39.0,65.0,0,1,3,29.5,26.5,0,24.1,1,1,22.7,0,253,0.962,1,154,High
474,12,36,18.87,9.2,28.4,2,0,1,79.2,71.6,0,7.0,1,0,48.3,1,45,0.751,1,154,High
475,9,27,9.15,17.4,73.2,1,0,2,34.4,15.3,1,14.7,1,0,52.3,4,114,0.894,1,212,High
476,10,30,28.44,36.3,87.5,1,1,2,10.2,30.7,1,13.3,1,1,39.7,0,60,0.98,1,152,High
477,12,12,36.03,36.4,53.3,0,0,0,99.7,96.6,0,8.9,1,0,22.1,0,55,0.326,0,5,Low
478,17,51,68.44,19.1,54.2,0,0,1,29.0,21.0,1,21.9,1,0,29.4,1,109,0.611,1,101,Medium
479,6,6,17.61,12.2,85.8,0,0,0,69.0,70.2,2,11.3,1,1,23.9,1,96,0.378,0,5,Low
480,7,21,14.55,29.4,94.7,0,0,1,93.4,85.5,1,17.9,1,0,29.1,2,123,0.392,0,19,Low
481,14,14,52.8,35.0,76.7,0,0,2,64.0,68.7,2,4.7,1,1,48.4,2,173,0.681,1,152,Medium
482,13,39,36.39,18.5,77.2,0,0,1,81.9,71.6,0,13.6,1,1,21.9,0,61,0.418,0,3,Medium
483,8,16,8.75,18.0,63.1,0,0,2,97.9,99.8,0,19.2,1,0,29.9,0,32,0.393,0,4,Low
484,10,30,28.94,35.8,54.2,0,0,0,87.4,86.6,1,7.9,1,0,38.1,1,216,0.356,0,15,Low
485,9,27,37.44,46.9,36.8,0,0,1,60.2,88.0,0,10.9,1,0,50.6,1,277,0.634,1,123,Medium
486,18,18,40.79,37.9,92.5,0,0,0,42.7,71.4,0,11.6,1,1,28.7,0,52,0.507,1,67,Medium
487,2,2,3.79,18.1,75.5,0,1,1,53.4,65.2,0,11.5,1,1,47.2,0,187,0.656,1,89,Medium
488,5,15,6.65,18.1,77.5,0,1,1,85.8,84.5,2,6.0,0,1,40.4,0,42,0.76,1,114,High
489,5,10,6.8,18.2,72.6,0,0,1,86.8,98.8,0,19.4,1,0,43.7,2,32,0.35,0,0,Low
490,6,12,14.41,17.9,85.7,0,0,0,86.1,97.7,0,9.6,1,1,50.2,2,23,0.413,0,1,Medium
491,19,19,57.08,10.7,90.5,0,0,0,63.8,56.7,0,16.8,0,1,20.9,0,30,0.614,1,97,Medium
492,8,16,8.79,34.6,77.1,0,0,1,52.9,28.2,2,12.7,1,0,38.5,0,54,0.494,1,82,Medium
493,16,48,68.42,26.5,44.9,0,0,1,38.0,9.5,1,6.6,1,0,46.2,0,115,0.595,1,98,Medium
494,13,13,46.72,40.3,46.0,1,0,1,10.3,8.5,0,14.4,0,0,51.0,4,108,0.98,1,234,High
495,1,3,2.97,16.4,69.3,0,1,1,78.8,71.2,2,7.8,1,0,24.6,3,72,0.675,1,141,Medium
496,17,17,65.71,26.4,93.2,0,2,3,34.9,26.7,2,9.4,0,0,32.0,1,211,0.98,1,166,High
497,7,7,7.68,28.9,85.9,0,0,3,39.7,27.6,1,3.6,1,0,22.7,0,120,0.508,1,78,Medium
498,13,13,33.34,6.8,75.3,0,0,0,85.9,73.2,0,19.2,1,0,49.2,0,289,0.263,0,1,Low
499,4,4,12.53,36.5,76.8,0,0,0,14.7,24.5,1,4.5,0,1,50.0,0,220,0.776,1,121,High
500,4,8,15.46,54.0,70.5,4,0,1,93.5,48.1,3,19.4,1,1,36.9,3,41,0.98,1,284,High
501,6,18,22.19,25.8,54.5,2,0,0,10.1,18.9,0,11.2,1,1,20.7,0,59,0.887,1,175,High
502,19,57,34.68,41.9,56.3,0,0,0,94.5,90.4,0,12.9,1,0,23.6,2,50,0.432,0,6,Medium
503,12,36,51.38,5.5,76.3,1,0,0,50.9,72.5,0,8.7,1,1,41.9,0,52,0.535,1,108,Medium
504,7,7,8.82,31.5,50.6,0,0,0,19.2,23.2,1,4.7,1,0,54.4,1,253,0.594,1,100,Medium
505,10,20,40.38,9.0,46.4,0,1,1,70.7,44.7,1,22.9,1,1,49.4,1,88,0.8,1,138,High
506,19,57,83.46,68.9,65.5,1,0,0,90.6,62.5,0,7.0,1,0,47.9,1,286,0.671,1,157,Medium
507,7,14,10.19,8.2,94.6,0,0,0,49.4,32.3,0,26.4,1,1,34.6,1,193,0.369,0,23,Low
508,3,3,10.41,8.5,54.1,0,3,2,72.2,76.2,3,30.5,1,0,54.5,2,181,0.954,1,173,High
509,13,39,12.34,21.9,84.9,1,0,2,98.1,72.4,2,16.3,1,1,48.9,0,265,0.57,1,100,Medium
510,13,26,29.9,3.1,54.0,1,1,2,31.7,33.4,3,10.6,1,0,31.7,0,227,0.804,1,149,High
511,18,18,48.78,22.7,75.1,4,0,0,83.8,94.3,2,4.9,0,0,46.2,2,234,0.88,1,253,High
512,8,16,23.59,20.2,49.1,1,0,0,36.6,28.7,0,18.0,1,0,35.1,0,261,0.617,1,126,Medium
513,9,27,38.37,46.8,80.1,1,0,0,48.4,35.1,0,23.1,1,0,43.1,1,165,0.575,1,118,Medium
514,7,21,23.01,38.6,56.8,0,0,0,35.4,3.1,1,12.0,1,0,54.0,3,196,0.655,1,167,Medium
515,1,1,2.58,17.0,70.5,0,0,0,50.1,72.8,0,11.8,1,0,28.6,2,155,0.444,0,2,Medium
516,3,3,11.39,16.3,80.2,1,0,2,10.5,37.9,0,15.3,1,0,47.8,2,97,0.798,1,172,High
517,13,13,56.12,4.1,72.3,4,0,4,37.3,55.6,0,7.5,0,1,40.7,0,166,0.98,1,246,High
518,17,34,14.99,35.4,59.5,0,0,2,50.1,46.0,3,3.6,1,1,53.2,2,118,0.807,1,181,High
519,1,2,4.44,29.4,85.5,4,0,1,66.9,66.1,0,13.9,1,0,24.7,2,191,0.864,1,254,High
520,6,12,6.71,6.4,53.7,0,0,1,67.4,77.7,0,4.1,1,0,45.2,1,137,0.44,0,0,Medium
521,6,6,22.88,13.4,77.7,0,0,2,62.5,64.7,1,10.9,1,0,21.3,0,179,0.408,0,5,Medium
522,12,36,22.05,51.1,49.0,0,2,3,36.4,0.0,3,7.9,1,0,28.6,0,231,0.98,1,133,High
523,13,39,16.76,33.0,75.1,0,0,1,95.3,100.0,3,9.3,1,1,31.2,1,296,0.456,1,94,Medium
524,13,26,31.56,42.8,88.4,1,3,0,45.3,63.6,1,9.9,1,0,35.1,2,250,0.925,1,211,High
525,15,30,47.74,33.5,82.5,0,0,0,29.5,45.6,0,15.7,1,0,53.8,0,273,0.481,1,61,Medium
526,16,48,35.35,11.7,86.6,2,0,1,59.9,66.7,0,8.4,1,0,22.4,0,119,0.607,1,152,Medium
527,11,33,11.02,9.6,76.7,0,0,0,77.4,91.8,3,12.5,1,1,25.9,1,185,0.418,0,0,Medium
528,5,10,15.09,18.4,73.4,0,1,3,11.1,0.0,1,5.7,1,1,27.1,1,79,0.98,1,179,High
529,4,8,16.56,7.6,49.3,1,1,1,34.9,33.5,1,6.7,1,0,34.8,1,81,0.942,1,188,High
530,3,9,6.65,49.2,87.8,0,1,1,84.2,74.2,0,16.3,1,1,22.1,0,156,0.701,1,117,High
531,19,19,30.41,15.4,81.3,1,0,0,55.6,77.4,0,8.5,1,0,53.8,1,210,0.487,1,119,Medium
532,18,36,43.88,17.3,92.9,0,1,1,46.8,49.6,1,6.0,1,0,39.6,0,202,0.593,1,93,Medium
533,15,45,14.68,39.0,29.8,0,0,1,93.8,91.4,2,12.5,1,1,48.5,0,115,0.568,1,85,Medium
534,9,27,34.52,21.6,46.7,1,0,1,18.1,2.8,5,11.1,1,1,47.0,1,169,0.841,1,173,High
535,17,51,65.58,41.5,77.0,2,0,0,65.4,49.5,2,24.7,1,0,43.1,0,147,0.635,1,138,Medium
536,14,42,41.66,13.0,51.6,1,0,4,40.8,23.9,1,14.9,1,0,51.7,1,81,0.869,1,165,High
537,15,15,31.6,19.1,83.1,1,0,1,16.4,27.6,1,6.1,1,0,51.6,1,226,0.703,1,151,High
538,1,3,3.76,19.1,72.4,1,0,1,29.2,38.2,2,3.8,1,1,24.5,1,183,0.795,1,155,High
539,3,6,8.56,44.4,87.3,0,0,3,66.5,70.3,0,11.1,1,1,51.6,2,122,0.731,1,144,High
540,16,16,61.7,34.1,71.4,2,0,4,12.5,24.4,4,19.0,1,0,38.3,0,16,0.948,1,185,High
541,11,33,34.5,10.5,57.4,0,3,0,63.3,51.2,1,11.1,0,0,29.4,0,57,0.824,1,150,High
542,12,12,44.43,11.7,95.5,0,0,2,96.1,68.4,4,11.4,1,0,41.3,0,143,0.263,0,6,Low
543,10,20,30.15,44.4,78.0,0,0,0,81.6,91.8,2,4.8,1,0,29.8,2,190,0.385,0,2,Low
544,16,48,37.32,14.8,66.0,0,0,1,41.1,40.3,0,7.8,1,0,36.8,1,295,0.473,1,105,Medium
545,8,16,34.76,25.4,75.0,0,1,0,22.4,34.9,0,3.0,1,0,48.6,0,104,0.573,1,69,Medium
546,6,18,16.81,62.2,41.1,0,2,1,51.9,58.3,0,15.2,1,0,21.1,0,266,0.915,1,172,High
547,12,36,36.47,66.5,78.2,0,0,1,45.4,44.3,0,13.5,0,0,26.4,2,109,0.869,1,169,High
548,8,24,12.93,58.8,59.0,1,0,1,97.5,100.0,0,11.9,1,0,53.5,1,105,0.606,1,124,Medium
549,4,12,12.46,24.9,86.0,1,1,1,99.1,100.0,1,6.6,1,0,35.6,1,219,0.579,1,123,Medium
550,8,24,23.32,36.7,90.9,1,2,1,47.0,42.6,0,5.5,1,0,30.6,3,70,0.98,1,202,High
551,18,18,26.71,36.4,78.6,0,0,0,23.4,34.5,0,13.5,1,0,52.3,2,73,0.586,1,122,Medium
552,5,15,5.1,16.2,97.3,1,0,2,92.0,96.6,4,13.2,1,0,51.9,0,244,0.428,0,0,Medium
553,9,27,27.33,28.6,40.8,0,1,1,81.4,56.3,0,17.3,1,0,21.5,1,104,0.711,1,127,High
554,4,4,14.5,19.6,80.9,1,0,1,56.0,36.3,2,13.2,0,0,32.7,0,68,0.779,1,155,High
555,17,17,46.52,25.3,62.8,0,0,4,42.9,42.3,0,16.5,1,1,51.9,2,265,0.821,1,164,High
556,9,9,14.75,13.2,70.8,0,0,0,50.3,42.8,2,13.3,0,0,26.3,0,61,0.54,1,72,Medium
557,1,1,3.27,8.7,56.3,0,0,1,91.2,76.9,0,21.0,1,0,40.2,0,160,0.383,0,5,Low
558,13,13,14.25,38.9,99.3,1,0,1,26.6,42.7,1,9.0,1,0,31.2,1,223,0.658,1,143,Medium
559,16,16,38.96,21.8,78.9,2,3,0,82.6,60.2,1,13.3,0,0,45.8,3,60,0.98,1,247,High
560,13,39,18.26,19.5,85.4,1,0,0,11.6,8.6,3,15.9,1,0,25.5,2,132,0.687,1,158,Medium
561,14,42,20.75,33.7,82.1,0,1,2,92.9,79.8,0,11.6,1,0,40.9,1,231,0.599,1,117,Medium
562,3,6,4.65,26.6,51.1,0,1,0,55.0,77.2,0,2.3,1,0,20.0,1,136,0.521,1,100,Medium
563,6,18,13.38,22.2,83.3,2,0,1,30.4,68.2,2,15.4,1,1,28.8,2,168,0.899,1,215,High
564,18,54,17.81,14.9,70.7,0,1,1,10.3,5.6,0,7.7,1,0,25.7,1,32,0.732,1,142,High
565,19,19,43.16,26.4,76.8,3,0,1,60.4,73.1,0,6.3,1,0,27.3,2,207,0.77,1,236,High
566,5,5,13.47,34.6,79.1,0,0,1,32.0,51.0,1,5.0,1,0,50.1,2,172,0.575,1,125,Medium
567,15,45,38.82,29.8,66.4,3,0,2,66.8,80.3,0,17.6,0,0,52.0,2,111,0.98,1,283,High
568,2,4,4.43,87.9,63.1,3,0,0,35.3,47.2,0,12.1,1,0,46.4,0,167,0.95,1,213,High
569,10,10,39.05,20.5,75.8,1,0,1,17.9,0.0,0,5.4,1,0,40.7,0,295,0.705,1,134,High
570,18,54,24.08,19.1,61.4,0,0,1,55.5,73.1,0,5.9,1,0,28.1,0,49,0.377,0,0,Low
571,13,39,34.72,23.4,50.9,0,0,0,60.8,66.2,1,11.3,0,1,29.6,1,121,0.61,1,110,Medium
572,5,10,5.15,27.4,71.5,2,0,3,50.7,47.3,0,5.4,1,0,30.8,0,284,0.826,1,150,High
573,1,2,1.06,16.8,54.3,2,2,2,51.2,50.0,2,12.1,1,0,47.2,0,177,0.98,1,183,High
574,1,1,2.92,45.2,89.7,0,2,0,63.1,67.0,3,19.4,0,1,28.9,0,48,0.98,1,167,High
575,18,36,52.1,27.4,61.8,0,0,1,57.4,53.6,0,21.5,1,1,54.1,3,21,0.692,1,161,Medium
576,15,45,60.73,5.1,79.1,2,0,1,21.9,16.6,2,17.6,1,0,47.9,0,242,0.761,1,150,High
577,17,51,48.69,3.2,62.6,1,0,1,27.7,13.0,3,25.7,1,1,55.0,0,202,0.686,1,106,Medium
578,11,22,47.86,22.5,26.5,2,0,2,22.8,30.5,1,12.6,1,0,36.1,0,283,0.932,1,184,High
579,17,34,16.66,0.5,61.9,2,1,1,72.4,70.0,5,32.8,1,1,40.6,0,274,0.795,1,181,High
580,13,26,15.11,25.7,82.7,2,1,1,57.6,45.7,0,29.2,0,0,29.8,3,62,0.98,1,240,High
581,1,2,0.96,5.4,77.5,0,0,0,48.7,50.2,2,13.0,1,1,41.1,3,122,0.585,1,134,Medium
582,2,2,2.97,3.3,91.7,0,0,1,81.9,82.5,1,8.9,1,0,54.1,1,155,0.306,0,4,Low
583,9,18,25.22,53.7,76.9,0,0,1,39.3,46.9,0,9.4,1,0,21.1,1,229,0.5,1,91,Medium
584,3,3,9.57,22.2,43.4,3,0,1,61.1,60.7,1,3.3,1,0,30.1,2,47,0.915,1,242,High
585,1,3,0.97,6.0,85.2,0,1,1,16.7,26.0,1,8.9,1,1,29.8,0,37,0.783,1,122,High
586,16,32,68.8,5.1,57.8,0,0,0,77.0,72.9,0,4.3,1,1,54.4,0,81,0.377,0,16,Low
587,6,6,23.5,50.2,78.5,0,1,0,72.6,69.6,0,18.7,0,0,24.6,1,174,0.725,1,144,High
588,17,34,32.26,15.2,63.6,0,0,1,82.2,86.4,1,3.8,1,0,48.4,2,17,0.447,0,0,Medium
589,5,15,5.43,4.8,78.1,2,0,1,89.6,95.4,1,15.1,1,0,29.6,1,138,0.661,1,166,Medium
590,5,15,7.14,7.0,74.7,1,0,1,78.2,96.4,1,8.8,1,0,50.1,0,210,0.396,0,7,Low
591,6,18,7.62,54.1,79.5,1,0,1,86.0,100.0,1,18.5,0,1,37.1,2,47,0.86,1,207,High
592,3,6,3.77,7.2,80.6,0,1,0,41.1,40.4,0,9.5,1,0,28.5,1,46,0.588,1,119,Medium
593,5,10,13.59,15.5,80.6,2,1,0,40.9,19.7,0,15.6,1,0,44.8,2,159,0.897,1,229,High
594,5,5,8.55,27.1,85.0,0,1,0,95.0,100.0,3,15.0,1,0,49.5,0,87,0.394,0,8,Low
595,10,30,21.25,40.4,74.4,1,0,2,92.3,100.0,2,8.6,0,0,36.5,0,275,0.789,1,140,High
596,10,20,44.61,34.2,72.6,0,1,0,59.4,62.7,1,13.3,1,0,45.0,0,291,0.63,1,117,Medium
597,19,57,63.31,17.8,77.0,0,0,1,43.0,54.6,5,15.9,1,0,26.4,3,273,0.581,1,142,Medium
598,17,51,73.29,21.4,70.1,0,0,1,87.9,82.4,3,18.6,1,0,52.8,0,245,0.37,0,3,Low
599,14,14,18.58,27.7,56.9,1,0,3,39.1,15.2,0,2.7,1,0,23.4,1,209,0.805,1,154,High
600,9,9,19.93,7.0,76.4,1,0,4,23.8,10.7,0,4.2,1,0,27.8,0,250,0.735,1,146,High
601,14,14,39.94,11.4,90.5,0,1,3,67.6,24.1,0,16.6,1,0,30.1,0,47,0.627,1,95,Medium
602,1,1,1.08,31.9,91.9,0,0,1,13.8,20.5,1,8.5,1,1,25.3,0,196,0.647,1,97,Medium
603,19,57,15.49,27.3,44.2,2,0,1,44.1,43.1,2,12.0,1,0,34.2,0,273,0.805,1,172,High
604,13,13,42.65,10.0,41.6,0,0,2,82.7,95.6,0,3.0,1,1,36.0,0,190,0.526,1,76,Medium
605,13,13,41.27,5.1,61.3,0,0,2,36.6,47.9,3,32.9,0,0,38.2,0,160,0.658,1,96,Medium
606,4,4,9.28,15.4,72.6,0,0,3,93.8,86.5,1,5.9,0,0,21.4,0,145,0.553,1,77,Medium
607,1,1,2.61,69.2,22.2,2,0,1,96.0,83.6,2,13.6,1,0,27.7,0,107,0.849,1,188,High
608,17,51,39.73,14.0,86.4,0,0,1,83.4,71.6,0,6.8,1,0,48.3,1,147,0.358,0,6,Low
609,8,8,7.11,14.4,72.5,4,0,1,98.9,100.0,0,21.8,1,1,48.4,0,23,0.863,1,241,High
610,2,6,4.08,43.9,76.8,0,1,1,57.8,55.5,1,18.7,1,1,31.6,0,218,0.716,1,125,High
611,8,16,11.64,8.7,70.6,0,0,2,61.2,57.1,2,20.0,1,0,36.1,1,30,0.52,1,70,Medium
612,7,21,8.15,20.8,99.1,0,0,2,85.3,89.7,3,15.2,1,1,26.4,0,87,0.501,1,84,Medium
613,2,6,8.68,32.4,91.9,1,0,1,54.4,30.6,1,17.5,1,0,48.8,2,192,0.564,1,137,Medium
614,3,3,9.05,32.0,63.8,0,0,0,46.6,40.6,0,8.3,1,0,53.5,0,260,0.425,0,0,Medium
615,18,36,62.93,53.7,83.7,1,0,4,65.3,52.5,0,23.0,1,0,30.2,3,199,0.945,1,220,High
616,12,24,23.6,34.3,69.1,0,0,0,69.2,53.2,3,10.5,1,0,47.4,0,71,0.295,0,24,Low
617,1,2,2.25,47.5,78.8,0,1,0,77.6,73.7,0,6.1,1,0,32.3,0,100,0.579,1,83,Medium
618,12,24,20.12,10.5,61.1,2,0,1,70.1,70.8,1,10.5,0,0,20.1,1,31,0.865,1,172,High
619,5,15,5.79,15.3,81.5,1,2,0,77.1,58.3,1,9.3,1,1,41.0,0,205,0.949,1,171,High
620,17,34,24.86,30.4,68.9,0,0,0,70.7,65.2,0,11.1,1,1,34.4,1,209,0.489,1,74,Medium
621,16,48,60.01,33.0,88.1,1,1,0,53.2,54.4,0,6.0,1,1,46.5,0,19,0.792,1,122,High
622,15,45,49.6,42.2,42.8,1,0,0,22.1,28.9,3,18.1,0,0,46.2,0,189,0.809,1,138,High
623,15,45,42.35,14.6,90.4,0,0,1,80.7,76.6,2,7.0,1,0,53.1,2,146,0.403,0,0,Medium
624,5,10,12.79,19.0,31.3,0,0,0,12.8,17.8,2,13.3,0,1,35.3,0,102,0.769,1,123,High
625,14,14,58.98,58.7,45.2,0,0,1,99.3,94.0,0,14.9,0,0,36.9,0,197,0.6,1,100,Medium
626,2,2,2.14,16.4,62.1,0,1,0,84.6,100.0,0,14.5,1,1,34.0,0,124,0.561,1,89,Medium
627,11,22,20.22,36.0,86.7,1,1,2,70.4,78.6,5,15.2,1,0,30.4,1,80,0.768,1,156,High
628,19,19,39.8,31.6,88.9,0,0,0,97.0,86.9,0,5.9,1,0,42.3,0,114,0.166,0,3,Low
629,7,7,25.86,15.3,65.5,0,0,0,65.1,57.7,1,16.5,0,1,49.0,1,242,0.668,1,135,Medium
630,6,18,26.83,10.4,55.3,0,0,0,15.1,21.0,0,5.1,1,1,25.5,0,246,0.56,1,77,Medium
631,2,6,3.38,10.9,59.8,3,0,1,60.3,52.4,1,3.9,1,0,54.4,4,249,0.98,1,280,High
632,6,12,24.21,32.1,92.8,1,0,1,34.9,5.9,0,11.6,1,1,43.9,1,278,0.773,1,158,High
633,18,36,69.72,18.8,95.3,0,0,1,43.3,47.7,3,8.8,1,0,47.3,0,50,0.349,0,4,Low
634,2,2,3.26,18.7,38.6,0,0,3,51.4,45.7,4,15.9,1,0,55.0,1,282,0.744,1,131,High
635,18,54,41.0,13.3,69.8,0,0,3,79.7,89.9,0,22.8,0,0,37.6,2,170,0.697,1,130,Medium
636,15,30,34.74,55.3,36.5,1,0,1,55.3,55.9,0,16.5,1,0,22.5,1,16,0.718,1,148,High
637,19,38,83.97,36.3,66.0,0,0,0,52.7,62.4,1,6.3,1,0,47.7,0,92,0.47,1,66,Medium
638,2,4,2.94,32.2,49.5,3,0,1,37.2,75.0,0,6.8,1,1,50.5,0,161,0.98,1,204,High
639,6,12,22.54,19.4,94.2,0,0,0,58.6,77.8,5,6.5,1,0,25.7,0,194,0.156,0,0,Low
640,1,2,2.04,24.6,72.1,1,1,1,32.4,27.1,0,16.9,1,0,20.8,0,74,0.757,1,142,High
641,15,30,52.56,51.1,71.9,1,0,0,33.5,39.8,0,10.9,1,1,24.8,1,239,0.752,1,131,High
642,10,10,23.54,40.6,65.0,2,0,2,78.2,80.0,1,13.9,1,0,31.3,1,277,0.817,1,146,High
643,19,57,55.86,54.4,70.1,0,1,3,40.8,44.8,2,5.3,1,0,52.3,0,199,0.874,1,137,High
644,17,51,65.97,26.5,66.6,1,0,1,14.6,0.0,1,13.9,1,0,20.1,1,286,0.835,1,160,High
645,5,10,18.88,20.3,53.2,0,0,1,40.9,56.7,0,8.8,1,0,48.1,0,129,0.44,0,11,Medium
646,4,12,16.02,58.1,77.6,0,0,1,67.5,32.9,0,26.9,1,0,49.9,0,52,0.517,1,85,Medium
647,10,30,10.21,19.9,68.6,2,0,0,83.3,83.0,0,5.3,1,0,48.4,1,270,0.571,1,146,Medium
648,17,51,57.13,26.1,51.9,3,0,3,96.6,70.3,0,4.5,0,0,22.9,2,248,0.98,1,237,High
649,10,20,13.18,24.2,75.9,1,0,1,77.2,66.6,2,9.9,1,1,43.8,1,257,0.732,1,163,High
650,17,34,39.75,45.7,86.1,0,0,0,48.6,51.7,0,9.5,1,1,53.4,2,172,0.501,1,96,Medium
651,5,15,14.15,34.8,68.0,2,0,2,36.9,49.9,0,22.2,1,0,24.2,0,226,0.764,1,176,High
652,2,6,4.58,26.4,47.2,0,0,0,21.7,37.0,2,24.9,1,0,21.1,0,75,0.511,1,88,Medium
653,6,12,16.34,50.8,62.7,0,1,0,66.5,63.6,0,8.3,0,0,50.6,1,147,0.859,1,144,High
654,2,2,8.97,13.0,87.5,1,0,1,55.9,70.8,3,32.1,1,0,42.6,0,123,0.456,1,98,Medium
655,13,39,16.9,58.2,86.0,0,0,1,71.0,70.1,1,10.6,0,1,42.6,1,298,0.786,1,136,High
656,11,11,36.29,64.1,62.7,3,0,1,31.3,20.6,0,6.6,1,0,53.8,0,152,0.98,1,233,High
657,11,33,24.92,22.9,93.5,0,0,1,39.1,44.7,3,8.7,1,1,46.9,1,132,0.588,1,101,Medium
658,16,16,20.67,27.2,82.5,0,1,0,36.3,22.5,1,16.1,0,0,33.9,1,139,0.855,1,161,High
659,11,11,15.26,12.6,69.7,1,1,1,81.8,79.8,1,14.8,1,0,35.3,2,194,0.767,1,157,High
660,19,19,81.93,50.1,62.5,1,0,0,25.4,18.2,3,25.4,1,0,25.1,2,236,0.751,1,174,High
661,15,30,60.82,60.4,47.1,0,1,4,64.8,41.5,3,4.3,0,0,30.6,0,174,0.98,1,160,High
662,16,16,66.5,24.2,60.7,0,0,0,14.6,19.5,0,8.8,1,0,35.6,0,218,0.518,1,90,Medium
663,11,11,49.16,43.2,86.4,1,0,0,59.5,61.7,0,40.8,1,1,29.1,2,59,0.636,1,157,Medium
664,16,16,25.13,30.0,61.7,0,0,3,15.8,33.1,0,7.2,0,0,52.1,0,30,0.845,1,131,High
665,8,24,16.92,15.9,88.7,0,0,4,25.8,0.0,2,20.6,1,0,20.4,1,104,0.637,1,93,Medium
666,4,4,13.1,24.7,65.3,1,0,2,20.2,9.5,3,2.0,1,0,40.5,0,119,0.719,1,119,High
667,8,24,20.72,29.3,40.9,0,0,0,41.2,58.1,0,7.1,1,0,47.0,1,159,0.476,1,66,Medium
668,4,4,9.39,52.0,86.5,4,0,1,40.9,48.8,0,14.6,1,0,45.6,0,126,0.771,1,200,High
669,3,3,6.37,59.2,89.0,1,3,1,84.4,95.3,2,14.9,1,1,42.5,2,229,0.98,1,220,High
670,3,6,8.99,41.7,66.3,4,0,2,30.3,52.1,0,13.5,0,1,34.4,0,192,0.98,1,227,High
671,18,54,52.73,9.2,68.9,0,0,0,17.8,6.3,0,14.4,0,0,52.1,0,35,0.648,1,98,Medium
672,19,19,26.55,51.8,46.4,4,0,0,64.3,51.3,0,20.3,1,0,31.5,0,240,0.87,1,212,High
673,19,57,48.36,57.4,78.8,0,0,1,71.9,84.7,0,10.9,0,1,46.3,1,60,0.721,1,133,High
674,5,15,14.24,10.3,76.4,0,2,0,36.5,46.0,4,24.9,1,0,52.4,3,71,0.844,1,182,High
675,18,36,52.38,10.1,27.3,0,1,1,64.3,62.4,4,11.7,1,0,24.5,0,275,0.613,1,93,Medium
676,10,20,15.77,35.5,62.8,0,0,2,79.8,77.5,0,11.0,0,0,53.1,0,66,0.691,1,98,Medium
677,6,12,21.28,51.1,68.1,0,0,1,41.3,26.7,4,3.3,1,0,47.2,0,145,0.53,1,92,Medium
678,1,2,0.89,44.4,47.0,0,0,1,57.3,81.0,0,22.3,1,0,41.6,1,67,0.632,1,129,Medium
679,5,10,10.56,11.3,59.7,0,0,2,23.2,53.6,2,4.0,1,0,33.1,4,97,0.73,1,186,High
680,9,18,33.18,28.6,69.9,0,0,0,12.1,28.9,0,19.1,1,0,51.6,0,32,0.5,1,66,Medium
681,12,24,34.64,19.5,91.1,1,0,0,98.3,100.0,2,16.3,1,1,21.5,2,157,0.509,1,104,Medium
682,14,28,24.73,12.1,83.7,0,0,1,37.0,45.8,0,24.4,0,0,35.1,0,42,0.628,1,97,Medium
683,2,2,6.74,28.3,77.5,1,0,0,35.1,40.1,0,3.2,1,0,46.5,0,127,0.572,1,128,Medium
684,17,51,49.29,56.9,43.6,1,0,0,97.6,71.2,3,27.7,1,1,48.4,0,130,0.658,1,101,Medium
685,14,28,52.45,39.5,73.8,2,0,0,75.5,68.4,0,8.7,1,0,27.1,3,265,0.724,1,195,High
686,13,26,45.75,5.1,83.0,0,0,3,62.7,75.0,5,7.5,1,0,21.7,2,127,0.556,1,138,Medium
687,9,27,27.52,6.8,34.4,4,1,3,72.9,60.2,0,5.4,0,1,48.1,0,108,0.98,1,248,High
688,15,15,39.09,25.2,42.1,1,0,1,73.9,76.2,0,10.1,1,0,34.8,3,15,0.724,1,183,High
689,15,45,19.39,32.8,95.1,4,0,0,78.7,96.1,3,13.2,1,1,25.0,0,197,0.661,1,171,Medium
690,11,33,19.44,35.4,43.7,0,0,0,16.0,33.6,1,15.1,0,1,23.0,0,163,0.746,1,137,High
691,16,32,37.61,28.0,91.5,1,3,0,47.2,61.3,0,8.1,0,1,42.4,1,70,0.98,1,189,High
692,17,51,51.3,7.4,77.0,2,0,0,36.6,40.9,0,7.3,1,0,40.4,4,84,0.833,1,206,High
693,4,12,10.8,2.0,80.3,0,0,0,16.4,28.4,1,28.9,1,1,49.9,0,159,0.438,0,8,Medium
694,1,2,1.87,9.5,84.2,1,0,1,47.1,43.5,0,13.5,1,0,21.1,2,92,0.601,1,133,Medium
695,8,16,6.59,21.8,82.3,2,0,1,65.5,91.0,1,15.4,1,0,50.4,2,149,0.706,1,221,High
696,17,34,44.81,61.5,87.6,1,0,0,26.1,2.2,1,19.1,1,0,51.1,0,93,0.666,1,124,Medium
697,3,6,5.57,23.8,68.7,0,3,2,37.5,38.5,1,14.4,1,1,35.6,0,262,0.98,1,161,High
698,15,45,52.77,7.2,68.6,1,2,2,67.5,60.4,4,7.8,1,0,22.7,0,190,0.922,1,168,High
699,15,45,13.33,45.8,60.6,0,0,1,62.1,72.3,1,5.3,1,1,53.1,1,24,0.614,1,110,Medium
700,14,14,41.49,45.9,49.9,2,2,0,88.2,83.1,0,16.8,1,0,22.5,1,235,0.98,1,221,High
701,14,14,59.97,20.8,78.0,0,0,3,81.2,100.0,0,15.7,1,1,40.7,0,141,0.565,1,92,Medium
702,2,6,2.89,26.5,83.6,0,0,1,96.9,100.0,1,14.9,1,1,37.3,0,55,0.425,0,1,Medium
703,13,13,33.09,19.4,80.0,0,0,0,63.7,48.7,0,11.8,0,0,49.2,1,204,0.556,1,91,Medium
704,14,42,15.94,23.6,85.2,1,0,1,72.9,32.9,0,11.5,0,1,37.6,1,121,0.911,1,179,High
705,19,19,59.19,59.5,79.2,4,2,1,87.4,70.3,2,5.7,1,0,36.4,1,178,0.98,1,237,High
706,7,14,19.86,21.0,87.1,0,0,1,85.6,94.0,2,2.9,0,1,50.8,0,192,0.59,1,99,Medium
707,3,3,6.92,11.5,50.2,0,1,1,74.7,70.8,1,19.8,1,1,53.7,0,96,0.686,1,113,Medium
708,15,30,40.94,28.2,72.3,0,1,1,55.0,46.4,1,26.4,0,0,39.2,0,19,0.825,1,134,High
709,14,28,57.64,25.2,81.4,2,0,1,34.6,23.7,0,16.1,1,0,35.9,1,188,0.797,1,197,High
710,11,22,16.79,12.9,77.2,0,0,1,88.9,100.0,1,4.9,1,0,49.1,1,281,0.432,0,6,Medium
711,15,30,13.25,8.6,78.4,0,0,0,79.9,74.9,2,11.7,1,0,49.1,1,132,0.317,0,4,Low
712,13,13,51.85,46.0,37.8,1,0,0,85.4,78.9,2,6.8,1,0,31.2,0,214,0.589,1,126,Medium
713,18,54,52.84,24.8,84.5,0,0,0,22.7,37.6,0,9.5,1,0,40.2,1,31,0.449,0,8,Medium
714,6,12,24.57,17.2,93.2,0,0,1,38.3,61.7,2,5.7,0,0,25.4,2,89,0.643,1,129,Medium
715,3,3,9.03,33.2,65.0,0,0,0,48.2,31.5,1,12.5,1,0,42.2,1,135,0.465,1,72,Medium
716,19,38,72.15,67.2,58.3,2,1,1,85.5,100.0,0,18.5,1,1,49.2,2,296,0.98,1,243,High
717,15,15,35.85,27.8,64.1,3,0,0,90.4,88.7,0,14.7,0,0,26.6,0,53,0.727,1,183,High
718,5,5,17.87,20.3,67.3,1,0,1,35.6,49.4,2,8.8,1,0,31.3,0,209,0.573,1,106,Medium
719,10,10,41.78,28.0,72.1,0,1,2,71.8,81.6,1,13.2,1,0,35.7,0,167,0.593,1,98,Medium
720,7,21,20.42,26.7,69.5,0,0,0,17.0,17.3,2,3.7,1,0,49.6,1,259,0.607,1,113,Medium
721,17,17,24.97,37.9,62.8,0,0,1,46.9,47.8,0,18.1,1,1,45.6,0,130,0.576,1,91,Medium
722,7,7,12.56,41.5,86.6,1,1,3,53.8,63.8,0,16.3,0,0,31.1,0,55,0.98,1,187,High
723,12,36,18.42,12.2,91.6,1,2,0,78.9,62.5,0,14.5,1,0,28.5,1,118,0.76,1,138,High
724,17,51,29.13,61.4,89.2,2,1,3,90.3,73.2,1,22.6,1,0,44.3,1,262,0.98,1,222,High
725,13,13,25.14,33.5,79.6,0,0,1,40.4,71.6,1,14.2,1,0,36.8,0,186,0.423,0,0,Medium
726,4,12,11.42,41.4,65.2,1,0,1,57.5,75.0,2,9.3,0,0,40.8,4,280,0.943,1,217,High
727,10,20,29.76,45.6,70.6,1,0,0,68.3,83.2,1,9.0,1,0,42.7,1,163,0.653,1,115,Medium
728,3,6,7.13,18.4,76.8,0,2,1,39.6,37.3,5,9.6,1,0,39.6,0,217,0.808,1,134,High
729,9,27,27.69,44.1,49.6,1,0,1,98.7,74.1,0,14.5,1,0,41.5,3,39,0.759,1,198,High
730,13,39,14.32,13.3,94.9,3,0,1,88.8,80.8,0,6.5,0,1,51.1,0,292,0.908,1,194,High
731,18,18,20.25,5.8,81.0,2,1,2,36.7,42.9,0,7.3,1,0,50.4,1,25,0.945,1,189,High
732,15,45,21.54,16.1,64.0,1,2,1,55.7,73.0,1,5.3,1,0,25.2,2,275,0.97,1,182,High
733,4,4,10.87,10.7,30.1,0,0,0,30.8,37.2,0,6.3,1,0,40.5,0,20,0.435,0,2,Medium
734,15,30,23.88,18.9,73.7,2,0,0,56.3,63.1,1,10.8,1,1,35.4,1,239,0.717,1,168,High
735,2,6,3.7,42.8,50.7,1,0,0,71.5,68.9,0,28.5,1,1,30.0,2,286,0.755,1,186,High
736,15,15,34.22,27.0,58.9,0,1,2,17.7,27.4,0,5.2,1,0,42.1,0,262,0.792,1,93,High
737,8,8,30.43,3.2,70.3,0,0,0,88.3,74.7,1,21.8,1,1,37.9,0,60,0.341,0,2,Low
738,8,16,6.81,56.8,83.4,0,0,0,63.4,65.3,0,7.6,1,1,47.1,0,28,0.521,1,96,Medium
739,17,51,54.45,21.1,84.5,0,0,0,99.1,95.7,2,20.5,1,0,23.3,0,38,0.204,0,7,Low
740,12,24,39.3,25.7,76.1,1,1,2,12.3,34.0,2,9.5,1,1,30.6,0,268,0.98,1,185,High
741,19,19,71.35,42.5,71.2,0,0,1,84.8,42.0,0,13.8,1,0,20.9,0,276,0.407,0,2,Medium
742,10,10,42.51,70.5,64.1,0,0,4,81.3,79.0,2,14.1,1,0,46.1,2,261,0.78,1,143,High
743,9,27,7.87,19.6,78.4,0,0,1,22.0,25.7,1,10.3,1,0,51.9,1,291,0.57,1,106,Medium
744,5,5,6.84,55.2,84.2,0,0,2,40.2,12.4,1,10.1,1,0,40.6,0,126,0.5,1,72,Medium
745,6,18,24.47,19.2,48.6,0,2,0,89.6,100.0,0,25.8,1,1,41.6,3,215,0.86,1,198,High
746,2,4,4.99,45.5,76.9,0,0,0,56.7,54.7,2,12.3,1,1,21.6,1,119,0.473,1,90,Medium
747,13,39,37.56,38.9,79.9,0,0,0,46.1,31.8,0,9.5,0,0,37.6,0,242,0.593,1,111,Medium
748,6,18,19.52,20.2,96.0,1,0,1,91.5,100.0,0,34.8,1,0,38.4,1,201,0.409,0,4,Medium
749,5,5,16.56,34.8,94.3,0,0,1,18.4,7.2,0,36.4,1,0,21.4,1,184,0.584,1,97,Medium
750,1,1,4.25,54.3,93.3,1,1,0,52.6,64.7,1,45.4,0,0,47.4,1,201,0.881,1,178,High
751,6,18,26.93,42.1,84.9,0,1,0,68.7,71.5,1,4.4,1,1,29.7,0,55,0.625,1,89,Medium
752,6,6,20.79,43.2,76.6,0,0,1,64.8,58.7,3,2.1,1,0,45.3,0,97,0.409,0,6,Medium
753,16,16,29.8,29.8,88.8,0,0,0,33.8,18.7,2,13.8,1,0,34.1,0,161,0.43,0,1,Medium
754,4,4,16.22,23.4,48.4,0,0,1,60.7,50.0,4,26.7,0,0,54.8,0,161,0.632,1,80,Medium
755,11,33,10.8,42.3,43.3,0,1,0,73.8,87.0,2,11.7,1,0,27.4,0,295,0.567,1,97,Medium
756,9,9,14.89,51.2,48.4,0,0,1,62.6,79.9,0,24.3,1,0,22.0,0,181,0.468,1,89,Medium
757,3,9,12.36,4.2,52.4,0,1,1,71.6,82.0,1,25.3,1,0,54.3,0,270,0.515,1,93,Medium
758,19,19,33.21,21.6,85.8,1,0,1,33.0,32.6,1,7.6,1,0,28.5,2,237,0.69,1,159,Medium
759,8,16,12.93,44.0,59.1,0,2,0,85.0,95.4,1,10.5,1,1,42.2,1,108,0.844,1,182,High
760,5,5,6.56,21.2,58.9,2,1,0,50.5,55.2,1,3.3,1,0,33.1,0,175,0.945,1,193,High
761,4,4,15.91,36.5,59.5,2,0,2,98.9,89.9,1,5.4,0,1,42.4,3,262,0.98,1,224,High
762,6,18,15.9,23.5,72.9,1,1,1,12.1,0.0,0,6.4,1,0,40.9,3,282,0.98,1,230,High
763,2,6,6.59,28.8,82.7,0,0,1,44.2,39.5,2,4.3,1,1,44.8,0,172,0.534,1,98,Medium
764,11,11,18.53,12.3,73.9,2,0,1,26.2,16.7,0,13.5,1,0,20.6,1,84,0.781,1,187,High
765,4,8,14.42,24.2,90.9,0,0,0,60.0,61.9,0,4.2,1,0,49.3,2,184,0.478,1,108,Medium
766,15,15,54.18,63.9,81.3,0,0,2,31.9,56.0,1,21.3,1,0,36.8,0,275,0.681,1,92,Medium
767,6,6,11.74,42.3,55.1,0,0,2,76.4,80.6,1,26.7,1,0,38.2,0,229,0.431,0,3,Medium
768,17,34,39.43,47.0,92.7,3,0,1,89.4,100.0,0,24.4,0,1,34.4,0,92,0.98,1,205,High
769,6,18,9.46,50.0,57.2,0,0,3,29.0,29.0,1,17.0,1,0,54.6,0,207,0.709,1,84,High
770,19,19,83.85,15.1,94.8,2,0,0,24.5,22.0,1,1.0,0,0,48.1,3,151,0.936,1,253,High
771,2,6,6.38,67.5,90.8,0,0,1,88.8,66.1,0,19.5,1,1,30.9,2,158,0.669,1,137,Medium
772,15,45,63.87,40.2,51.5,2,0,3,42.5,52.1,1,20.7,1,0,47.4,0,49,0.943,1,186,High
773,11,22,21.15,3.3,62.8,2,0,0,49.1,39.3,0,6.3,0,1,35.3,2,286,0.98,1,209,High
774,8,16,29.54,37.4,62.0,3,0,0,29.9,17.0,2,17.8,1,0,50.5,0,175,0.894,1,187,High
775,19,57,69.04,25.5,67.6,0,1,1,48.3,33.1,0,14.7,1,1,21.1,0,93,0.75,1,120,High
776,13,13,43.67,49.7,60.6,2,0,0,30.8,36.1,1,9.4,1,0,32.4,0,141,0.849,1,172,High
777,12,36,52.47,57.8,62.0,3,0,2,69.9,61.2,3,14.7,1,0,35.0,0,18,0.904,1,206,High
778,5,5,11.28,33.6,95.1,0,0,0,54.9,79.6,2,24.2,1,0,46.0,0,200,0.276,0,7,Low
779,6,6,7.7,22.4,79.8,0,0,1,80.9,97.7,2,7.7,1,1,26.4,1,76,0.539,1,105,Medium
780,4,8,13.14,8.9,42.7,1,0,0,38.1,30.1,0,7.6,1,0,30.0,0,295,0.566,1,125,Medium
781,19,19,66.47,31.3,71.7,0,0,0,55.5,19.9,0,14.5,1,0,45.3,2,295,0.531,1,111,Medium
782,1,1,2.93,46.3,83.9,1,0,2,33.4,35.2,1,9.4,1,0,22.7,0,137,0.672,1,136,Medium
783,17,51,26.61,14.3,83.8,0,0,1,94.1,89.4,0,5.5,1,0,27.0,1,296,0.326,0,2,Low
784,12,24,32.0,30.9,71.3,0,0,0,57.0,70.3,3,20.9,1,0,46.4,2,242,0.485,1,102,Medium
785,15,15,29.33,77.2,79.1,0,0,0,25.6,25.8,0,14.9,0,1,50.6,0,197,0.781,1,130,High
786,1,1,2.38,15.1,51.9,0,0,1,34.5,51.8,0,2.5,1,0,45.5,1,145,0.493,1,88,Medium
787,14,28,44.62,61.7,49.9,0,0,2,17.5,24.9,1,18.6,1,0,38.4,1,171,0.729,1,124,High
788,6,18,21.34,22.2,71.6,2,0,1,12.5,0.0,2,17.5,1,1,23.5,0,200,0.903,1,197,High
789,5,10,8.3,22.2,81.2,0,0,1,57.3,46.1,0,13.7,1,1,49.0,0,249,0.531,1,63,Medium
790,11,22,25.3,40.1,74.6,2,0,0,40.3,33.5,3,10.1,0,0,24.3,1,163,0.973,1,211,High
791,4,4,7.18,8.9,73.8,1,3,2,96.7,94.2,1,9.6,1,0,33.5,0,57,0.935,1,156,High
792,13,13,19.95,36.7,71.3,0,0,1,25.4,21.4,2,17.1,1,1,21.8,0,18,0.63,1,122,Medium
793,11,33,40.68,12.7,89.3,0,0,1,81.5,92.3,1,4.6,1,0,44.8,1,212,0.319,0,3,Low
794,3,3,12.49,10.0,39.2,0,0,1,38.4,45.9,2,15.4,1,0,37.6,3,292,0.55,1,148,Medium
795,1,1,2.17,63.4,74.1,0,0,1,30.1,23.8,0,17.4,1,0,51.8,0,20,0.608,1,99,Medium
796,6,12,21.48,20.2,36.4,0,0,2,97.3,100.0,2,20.5,1,0,24.9,1,164,0.478,1,98,Medium
797,18,18,74.14,29.4,86.4,0,0,1,82.2,64.6,1,7.5,1,1,48.7,3,286,0.6,1,143,Medium
798,10,30,39.31,70.6,84.2,3,0,2,66.8,77.3,0,8.5,1,0,37.9,0,178,0.858,1,190,High
799,5,10,7.38,38.2,95.3,0,0,1,72.7,85.7,0,16.8,1,0,32.8,1,192,0.372,0,1,Low
800,10,30,43.38,48.5,77.3,1,0,1,99.2,100.0,2,7.4,0,1,42.5,0,72,0.78,1,153,High
801,12,24,26.32,30.0,67.2,3,0,2,63.4,71.3,0,4.7,1,1,47.7,2,213,0.98,1,236,High
802,2,2,4.11,47.2,30.2,2,0,0,19.2,29.1,0,10.7,0,0,35.4,0,101,0.98,1,178,High
803,13,26,13.4,12.0,73.8,2,1,1,15.8,31.5,0,30.7,0,0,28.1,0,193,0.98,1,184,High
804,8,16,20.79,33.7,79.3,2,0,1,70.0,81.1,0,12.5,1,1,52.1,1,92,0.877,1,195,High
805,2,2,2.41,32.5,62.9,0,0,3,69.2,87.3,1,3.0,1,0,31.0,2,61,0.623,1,121,Medium
806,1,1,1.72,20.5,59.3,2,0,0,77.3,53.7,0,13.5,1,0,54.9,0,148,0.694,1,162,Medium
807,5,15,9.86,34.9,88.4,3,0,0,19.8,21.8,0,10.2,1,0,46.9,1,167,0.811,1,208,High
808,9,27,34.13,32.4,44.8,0,0,0,95.0,94.3,0,5.8,1,1,44.1,3,283,0.613,1,140,Medium
809,17,17,68.67,24.9,80.5,0,0,0,59.6,61.9,1,8.6,1,1,20.4,2,129,0.505,1,110,Medium
810,9,9,17.27,7.2,70.3,0,0,0,68.5,82.0,1,26.6,1,0,35.7,1,67,0.347,0,0,Low
811,11,11,43.75,41.2,94.3,0,1,1,13.1,15.0,0,6.1,1,1,37.6,3,256,0.865,1,180,High
812,15,30,59.58,17.6,83.3,0,0,2,96.5,97.8,1,28.5,1,1,33.2,2,81,0.582,1,127,Medium
813,6,12,21.78,18.1,65.3,1,0,1,60.6,67.6,0,12.0,0,1,25.2,1,197,0.841,1,163,High
814,3,6,4.03,20.0,77.0,1,2,0,60.7,38.1,2,9.5,0,1,32.9,2,245,0.98,1,192,High
815,17,17,57.02,45.3,90.2,0,0,2,94.9,100.0,0,9.9,1,1,22.6,2,299,0.549,1,126,Medium
816,5,15,21.48,54.5,56.6,0,0,1,93.6,92.0,2,10.3,1,0,30.2,1,177,0.55,1,93,Medium
817,12,12,39.9,16.6,61.6,1,1,0,29.8,52.0,0,27.8,1,0,22.9,1,118,0.781,1,174,High
818,18,36,36.49,36.8,63.7,0,0,0,93.8,81.0,1,2.4,1,1,46.3,0,177,0.422,0,4,Medium
819,14,28,37.13,16.1,92.9,0,0,2,76.3,62.6,0,9.5,1,1,43.5,0,285,0.4,0,4,Low
820,11,11,35.08,22.5,59.5,1,1,1,11.7,8.3,0,10.2,0,1,52.9,1,43,0.98,1,180,High
821,9,9,24.2,7.2,88.9,0,1,1,31.6,32.1,1,17.3,0,0,33.3,1,89,0.697,1,122,Medium
822,2,4,2.49,5.1,73.6,0,0,0,47.2,39.6,2,11.6,1,0,47.5,1,126,0.404,0,3,Medium
823,12,24,23.46,34.6,62.7,0,0,2,62.5,50.4,0,12.3,1,0,40.6,3,262,0.701,1,147,High
824,3,6,11.31,18.0,73.2,1,0,0,73.1,78.7,1,29.3,1,1,42.6,0,260,0.568,1,119,Medium
825,3,3,11.96,23.1,31.9,1,1,2,28.9,50.6,0,12.4,1,0,39.2,0,72,0.901,1,150,High
826,1,2,1.31,34.3,80.8,0,0,1,85.3,100.0,3,9.1,1,1,47.3,1,154,0.473,1,101,Medium
827,8,16,34.59,25.6,26.0,0,1,0,86.1,81.7,2,12.2,1,0,21.5,0,257,0.559,1,90,Medium
828,8,24,16.13,22.2,88.1,1,3,0,67.1,50.9,0,12.7,1,0,22.8,1,264,0.826,1,161,High
829,11,11,35.76,39.8,80.5,2,1,0,92.9,89.0,2,36.9,1,0,23.4,1,144,0.726,1,175,High
830,9,27,32.24,6.6,78.1,1,0,0,83.2,100.0,0,4.6,1,0,30.1,1,139,0.379,0,0,Low
831,5,15,19.02,45.8,96.6,2,0,0,29.9,45.3,2,22.0,1,1,40.7,0,278,0.81,1,183,High
832,14,28,60.19,20.2,81.4,0,0,1,81.9,87.7,1,15.2,1,1,42.6,0,215,0.407,0,7,Medium
833,3,3,5.87,28.1,73.6,1,0,1,95.8,88.8,1,6.4,1,0,44.9,0,298,0.472,1,106,Medium
834,5,10,19.88,38.4,48.4,2,0,1,22.4,36.1,0,14.9,1,1,29.8,1,202,0.98,1,206,High
835,5,5,6.44,18.5,70.7,1,0,1,98.1,100.0,4,4.0,1,0,42.8,0,58,0.541,1,99,Medium
836,19,57,64.76,37.1,54.9,2,0,2,12.2,10.1,2,16.0,1,1,24.1,1,24,0.98,1,220,High
837,14,14,49.63,23.6,46.9,0,0,3,57.0,27.4,2,17.9,1,0,20.3,0,19,0.618,1,101,Medium
838,4,8,13.23,2.9,71.5,2,1,0,79.7,64.3,0,33.7,1,0,44.3,2,189,0.809,1,195,High
839,13,26,22.54,5.4,56.5,1,0,1,81.1,82.0,0,6.4,1,1,45.0,4,173,0.81,1,219,High
840,10,20,40.3,33.3,72.6,2,0,0,76.1,73.8,1,12.4,1,0,41.8,0,258,0.623,1,140,Medium
841,18,18,25.65,11.3,92.5,0,0,0,57.6,78.0,2,11.1,0,0,29.1,1,43,0.394,0,0,Low
842,8,24,7.99,23.2,68.1,1,2,1,68.6,59.7,3,8.0,1,1,52.5,0,168,0.98,1,151,High
843,8,24,27.64,14.7,96.3,2,1,1,73.0,70.4,0,6.6,1,0,50.6,1,109,0.821,1,180,High
844,7,7,17.91,40.1,72.7,0,0,2,54.5,44.8,1,10.8,1,0,38.0,0,16,0.556,1,99,Medium
845,8,16,31.53,42.1,85.0,1,0,1,63.6,75.3,1,12.8,0,0,54.6,1,106,0.746,1,174,High
846,14,42,31.06,11.0,61.6,2,1,0,86.2,73.3,0,8.6,1,1,30.5,0,70,0.862,1,193,High
847,19,38,27.03,16.0,49.2,0,0,2,38.2,34.7,0,14.8,1,0,37.2,2,250,0.686,1,132,Medium
848,6,6,23.37,20.4,96.6,0,0,0,57.1,34.2,0,11.8,1,0,52.5,0,29,0.272,0,12,Low
849,1,2,2.83,24.8,84.2,1,0,0,10.8,2.9,1,6.2,1,0,36.2,3,99,0.767,1,166,High
850,15,45,22.5,2.1,82.0,0,0,0,71.9,96.8,2,19.1,1,0,36.5,0,268,0.215,0,2,Low
851,1,3,3.47,31.5,52.7,0,0,4,27.6,54.2,3,18.3,1,0,22.8,0,235,0.614,1,95,Medium
852,17,34,45.75,3.3,54.0,0,0,1,53.3,63.4,1,10.8,1,0,27.4,1,263,0.515,1,102,Medium
853,1,1,3.04,17.5,66.9,0,0,1,28.9,35.5,0,1.9,1,0,25.5,2,59,0.531,1,103,Medium
854,15,30,37.58,20.1,90.4,0,0,2,12.1,2.7,1,3.9,1,1,39.8,1,34,0.712,1,127,High
855,2,2,7.73,5.9,48.7,0,0,1,53.5,56.5,2,22.5,1,1,31.1,0,138,0.476,1,92,Medium
856,14,28,54.17,16.7,43.2,1,0,2,48.2,50.7,1,29.8,1,0,22.7,2,160,0.728,1,152,High
857,8,24,27.4,18.0,69.5,1,0,1,48.3,48.6,0,21.3,1,0,37.8,1,244,0.664,1,126,Medium
858,8,8,9.52,45.3,91.2,1,0,4,28.8,40.9,3,7.3,1,1,43.4,0,75,0.859,1,147,High
859,19,19,74.17,42.6,86.0,0,0,2,95.2,81.0,2,18.5,1,1,45.8,1,135,0.628,1,144,Medium
860,7,7,22.98,6.0,89.7,0,0,1,10.3,48.7,3,17.4,1,1,49.3,1,270,0.556,1,109,Medium
861,19,57,64.2,43.2,56.4,0,0,0,90.2,100.0,3,17.5,1,0,36.9,1,218,0.38,0,2,Low
862,6,12,12.86,8.4,74.2,2,0,3,76.3,64.1,0,11.4,0,1,33.7,1,19,0.98,1,222,High
863,6,18,24.32,13.1,64.2,1,0,1,25.5,27.1,2,12.6,0,1,43.9,2,91,0.972,1,183,High
864,3,3,10.45,11.8,86.1,2,0,1,52.5,43.5,1,4.2,1,0,20.5,2,155,0.769,1,191,High
865,7,14,8.52,60.7,90.0,0,0,2,99.0,100.0,0,39.6,0,0,42.2,1,114,0.642,1,119,Medium
866,19,57,43.87,26.1,85.7,1,0,1,67.9,66.6,1,4.0,1,0,34.2,0,222,0.493,1,112,Medium
867,8,8,32.64,24.9,86.2,0,0,0,21.5,0.0,1,8.6,1,0,35.9,1,209,0.517,1,80,Medium
868,10,10,9.75,29.3,88.8,2,0,0,51.2,37.4,0,36.0,0,1,30.4,4,194,0.98,1,272,High
869,15,45,65.36,18.0,64.4,0,1,1,52.1,72.0,4,9.9,1,1,24.5,0,272,0.672,1,119,Medium
870,15,45,49.69,15.9,80.6,0,0,0,82.2,78.9,0,10.8,1,0,34.0,1,209,0.368,0,3,Low
871,1,3,3.14,6.6,59.1,0,1,1,92.5,89.1,3,11.8,1,1,30.8,1,153,0.582,1,93,Medium
872,7,7,12.61,47.4,72.2,1,0,2,17.4,27.4,0,12.9,1,0,53.6,1,25,0.845,1,191,High
873,4,12,6.88,58.1,80.4,0,0,0,38.3,52.4,0,5.8,1,0,53.0,3,280,0.616,1,120,Medium
874,6,6,25.71,20.3,69.3,0,1,0,36.9,35.6,0,17.0,1,1,42.5,0,42,0.711,1,98,High
875,1,3,1.9,34.7,77.9,0,0,2,99.6,67.1,2,16.5,1,0,51.6,1,133,0.484,1,94,Medium
876,5,5,18.35,68.0,61.4,3,0,1,60.3,48.3,0,11.1,0,0,46.3,0,263,0.98,1,212,High
877,1,1,2.25,14.5,69.0,0,0,0,89.2,57.0,5,15.6,1,0,32.1,2,21,0.318,0,4,Low
878,4,8,5.26,16.6,63.9,2,1,2,48.3,27.3,2,6.9,1,0,41.1,0,157,0.98,1,225,High
879,2,6,1.68,49.2,65.4,3,0,1,75.0,76.2,2,26.7,1,0,27.7,4,21,0.98,1,256,High
880,10,30,28.14,3.9,47.9,3,0,0,35.8,36.5,0,46.2,1,0,44.1,0,69,0.745,1,158,High
881,5,5,22.05,27.9,68.4,2,0,0,92.1,100.0,1,8.9,1,0,21.6,0,34,0.588,1,138,Medium
882,10,10,21.66,46.2,76.2,2,0,0,51.0,50.5,3,12.3,1,0,49.1,0,17,0.696,1,150,Medium
883,1,1,2.12,9.0,41.3,0,2,2,82.3,69.1,0,5.7,1,0,40.4,1,34,0.848,1,133,High
884,6,12,12.44,23.9,93.0,0,0,1,33.0,51.0,0,17.6,0,0,22.0,0,280,0.539,1,112,Medium
885,13,26,35.44,50.1,90.2,1,0,1,72.4,98.7,1,9.0,1,0,50.5,0,241,0.489,1,99,Medium
886,15,15,36.46,15.5,89.6,0,0,2,46.5,60.2,3,9.0,1,0,50.7,1,232,0.495,1,87,Medium
887,4,12,16.22,9.6,89.2,0,1,0,12.8,11.8,1,17.1,1,0,49.8,3,179,0.712,1,158,High
888,13,39,34.72,25.5,61.1,1,1,0,47.2,42.6,0,13.7,0,0,47.1,3,65,0.98,1,202,High
889,15,30,40.18,37.6,62.0,1,1,0,59.5,41.6,1,7.0,1,0,43.7,0,184,0.724,1,148,High
890,8,16,10.5,32.3,55.0,2,1,0,23.7,11.8,3,2.4,1,0,33.9,1,44,0.98,1,214,High
891,5,5,22.18,31.8,79.9,1,0,1,26.6,19.9,0,9.3,1,0,24.8,1,258,0.633,1,133,Medium
892,15,45,25.87,70.4,89.9,1,1,1,51.8,31.9,0,4.0,1,0,30.1,1,59,0.916,1,181,High
893,4,4,4.29,14.0,51.9,0,0,0,40.8,35.8,0,19.3,1,0,32.1,0,229,0.44,0,11,Medium
894,12,24,39.04,20.6,82.1,0,1,0,49.7,45.5,0,10.6,0,0,32.5,1,37,0.757,1,149,High
895,13,39,39.04,40.7,75.5,3,0,0,51.5,70.6,0,8.6,1,0,39.8,1,67,0.75,1,187,High
896,2,6,4.67,22.3,48.8,0,0,3,22.6,0.0,0,7.1,0,0,27.3,0,56,0.856,1,130,High
897,19,38,44.88,41.5,77.8,0,0,1,26.3,28.9,1,13.9,1,0,26.6,0,178,0.568,1,93,Medium
898,19,19,70.39,70.0,89.4,1,0,1,86.3,65.9,0,10.0,1,1,45.1,0,118,0.641,1,98,Medium
899,4,4,6.1,17.4,92.4,0,0,0,24.6,0.0,0,19.1,1,0,20.3,2,176,0.497,1,116,Medium
900,4,12,15.34,27.0,81.8,0,0,1,69.9,62.5,3,10.5,1,0,25.2,2,168,0.426,0,1,Medium
901,11,22,35.2,35.3,28.3,0,0,0,47.7,48.0,0,18.8,1,0,35.2,0,17,0.494,1,85,Medium
902,5,15,11.75,16.6,69.9,0,2,4,97.1,100.0,0,8.6,0,0,25.2,1,57,0.98,1,168,High
903,11,22,27.44,11.7,82.4,0,1,2,15.9,11.9,0,13.7,0,0,53.6,0,68,0.86,1,127,High
904,10,10,17.5,35.9,91.7,2,1,1,84.7,76.6,1,4.9,1,0,43.5,1,27,0.829,1,189,High
905,8,16,28.66,32.2,83.3,0,1,1,54.2,43.7,2,11.1,1,0,35.1,0,126,0.621,1,111,Medium
906,6,6,16.19,25.9,75.4,0,0,1,10.5,2.7,2,27.4,0,0,23.9,0,70,0.649,1,97,Medium
907,6,12,11.92,27.9,59.9,0,0,0,33.7,0.0,1,5.2,1,0,33.5,2,118,0.605,1,136,Medium
908,8,24,24.04,9.0,48.5,0,0,0,46.7,34.4,2,16.2,0,1,42.8,1,189,0.795,1,138,High
909,15,15,67.26,52.6,64.7,2,1,1,38.3,50.3,2,27.7,0,0,53.9,0,82,0.98,1,191,High
910,14,42,33.75,17.9,67.3,0,1,0,42.6,5.8,0,7.6,1,0,36.5,0,27,0.553,1,99,Medium
911,11,33,46.27,22.1,70.6,4,0,0,92.5,86.3,0,9.6,1,1,44.2,3,175,0.82,1,260,High
912,12,12,24.92,77.0,86.1,0,1,1,42.5,38.2,1,7.4,1,0,26.8,0,180,0.714,1,97,High
913,13,13,13.03,7.1,75.7,2,0,3,47.7,58.4,4,18.5,0,0,41.8,1,273,0.98,1,209,High
914,8,24,12.45,17.0,69.4,0,0,3,78.5,80.3,0,19.3,1,0,28.4,0,57,0.502,1,66,Medium
915,18,54,42.29,8.4,65.1,0,2,0,81.4,87.7,0,23.8,1,0,26.9,0,213,0.636,1,108,Medium
916,1,3,1.61,31.3,84.0,0,0,0,17.6,6.4,2,29.1,1,0,37.8,1,146,0.519,1,87,Medium
917,15,45,12.01,26.7,74.9,1,0,1,73.4,47.0,0,4.7,1,1,27.4,2,106,0.788,1,177,High
918,8,8,33.48,5.9,61.1,0,0,2,53.4,45.4,1,19.1,0,1,45.2,0,46,0.721,1,121,High
919,11,11,43.15,38.8,76.7,0,0,3,22.0,19.9,0,24.8,1,0,52.8,0,271,0.69,1,116,Medium
920,12,36,42.56,30.9,92.6,2,0,2,33.8,51.2,0,22.5,1,0,33.8,2,50,0.948,1,215,High
921,12,24,17.05,19.6,90.7,0,0,1,14.1,0.0,1,6.8,0,0,31.3,1,296,0.743,1,134,High
922,4,8,4.98,37.2,39.8,0,0,0,42.4,73.7,1,18.7,0,0,26.2,1,219,0.624,1,106,Medium
923,16,16,16.8,25.4,55.0,2,0,0,33.0,35.6,0,18.8,1,1,33.7,0,164,0.811,1,164,High
924,4,12,13.92,31.0,66.7,0,0,0,44.4,33.0,2,9.6,1,0,39.6,0,153,0.514,1,70,Medium
925,5,15,21.18,61.0,56.5,2,1,1,62.2,50.0,0,13.7,1,0,33.1,0,295,0.978,1,197,High
926,5,5,11.96,42.5,37.4,0,0,0,75.9,73.5,1,2.2,1,0,41.8,1,187,0.554,1,109,Medium
927,8,16,9.93,47.4,51.9,0,0,1,64.5,63.5,0,15.9,1,1,43.2,0,178,0.591,1,84,Medium
928,10,20,26.96,70.2,89.8,0,0,1,71.1,71.3,2,11.1,1,0,23.4,1,116,0.491,1,83,Medium
929,17,34,35.54,26.2,47.8,2,1,0,87.9,97.5,2,12.5,1,1,44.4,1,116,0.91,1,219,High
930,9,9,19.68,34.6,77.8,2,0,3,88.6,78.7,0,11.5,0,0,51.5,2,167,0.98,1,216,High
931,19,38,58.88,41.6,95.3,4,2,1,87.5,89.1,0,10.8,0,0,20.9,3,135,0.98,1,290,High
932,14,14,48.43,25.6,63.5,0,0,3,23.8,18.8,3,5.2,1,0,39.3,2,71,0.759,1,163,High
933,8,8,9.67,31.2,95.0,2,0,3,32.6,57.3,0,8.4,1,0,41.1,1,121,0.86,1,195,High
934,9,27,8.39,8.2,72.5,0,1,0,55.2,28.1,1,15.7,1,0,44.8,0,253,0.564,1,94,Medium
935,11,22,49.27,15.1,68.2,0,0,0,42.3,74.5,0,23.3,1,0,33.5,0,35,0.331,0,0,Low
936,1,1,1.66,62.6,36.0,2,0,0,21.9,8.6,5,6.8,1,0,48.7,1,87,0.892,1,181,High
937,14,28,13.99,6.3,97.8,0,0,2,35.9,19.6,3,14.3,1,0,38.9,1,35,0.49,1,106,Medium
938,5,10,7.51,39.6,70.5,0,0,1,97.8,93.4,0,12.1,1,0,34.3,0,25,0.342,0,4,Low
939,14,42,13.22,36.4,76.4,0,0,3,41.2,44.4,1,22.5,1,1,45.2,4,72,0.962,1,223,High
940,4,8,9.0,54.8,83.1,1,0,0,47.7,42.3,3,11.1,1,1,52.5,0,254,0.728,1,136,High
941,1,3,3.77,74.5,72.0,0,0,1,10.6,19.6,0,27.2,1,1,48.4,1,100,0.851,1,156,High
942,19,19,39.19,30.8,72.5,0,0,4,74.7,68.0,0,10.4,1,0,52.6,1,158,0.628,1,118,Medium
943,8,16,19.55,6.6,81.4,4,1,1,47.2,37.5,0,10.1,1,0,29.3,1,239,0.98,1,246,High
944,15,15,49.5,16.4,69.1,0,0,0,19.3,5.4,0,7.3,1,0,24.1,1,208,0.511,1,106,Medium
945,15,30,40.24,14.8,55.4,0,0,1,97.2,100.0,2,17.9,1,0,38.7,0,117,0.367,0,11,Low
946,9,9,35.89,33.4,79.7,1,0,0,80.0,85.8,1,25.6,1,1,21.6,4,176,0.753,1,215,High
947,9,18,36.04,6.1,78.6,2,0,0,75.4,58.0,1,9.0,1,0,43.6,4,62,0.735,1,230,High
948,10,20,8.37,42.2,60.0,0,0,0,96.2,89.4,0,10.2,1,0,28.4,1,248,0.326,0,26,Low
949,9,18,33.11,12.5,26.9,1,1,0,46.7,26.8,2,7.2,1,1,35.9,0,36,0.818,1,153,High
950,3,6,7.51,13.2,62.0,0,1,2,74.7,100.0,2,4.2,1,0,42.9,0,149,0.555,1,85,Medium
951,11,22,49.05,36.9,77.5,0,0,0,28.6,31.3,1,7.8,1,1,36.9,0,189,0.518,1,72,Medium
952,6,12,15.53,12.8,76.8,0,0,1,72.7,42.9,3,9.8,1,0,28.3,1,256,0.41,0,8,Medium
953,2,4,8.9,43.6,75.0,0,0,0,11.3,0.0,0,21.9,1,0,50.8,0,31,0.533,1,88,Medium
954,7,14,25.14,9.4,88.0,0,2,0,21.4,2.6,2,7.4,1,1,46.8,0,273,0.932,1,165,High
955,18,36,30.96,9.9,91.7,3,0,0,48.3,52.7,1,10.2,1,1,41.0,1,212,0.823,1,204,High
956,2,2,5.58,53.1,82.6,1,0,0,11.1,0.0,0,13.0,1,1,44.4,2,90,0.85,1,186,High
957,17,51,76.01,20.3,45.5,3,0,0,51.6,31.1,0,5.9,1,1,34.5,0,217,0.945,1,226,High
958,11,22,43.7,29.2,47.6,1,0,1,57.1,53.3,0,16.8,1,1,33.2,1,247,0.767,1,163,High
959,12,36,13.92,20.0,89.1,0,0,4,65.9,64.7,2,10.0,0,0,25.6,1,289,0.714,1,112,High
960,19,38,64.86,54.0,78.4,0,1,0,19.0,10.7,2,8.6,0,0,48.1,4,173,0.98,1,216,High
961,7,14,14.55,49.5,65.6,2,0,0,26.3,20.1,1,24.7,1,0,33.3,1,129,0.848,1,200,High
962,6,6,4.96,31.5,93.1,1,0,0,65.2,43.7,0,26.3,1,0,44.2,1,272,0.584,1,157,Medium
963,1,1,2.29,69.4,95.9,4,0,2,69.2,75.9,4,6.6,1,0,30.5,1,251,0.874,1,237,High
964,17,51,28.37,35.0,65.2,0,0,1,12.3,0.0,0,18.7,1,1,47.9,4,110,0.899,1,178,High
965,11,11,42.13,21.5,64.1,0,0,2,58.6,56.1,1,31.1,1,0,23.7,2,142,0.542,1,94,Medium
966,18,18,36.87,19.1,38.4,0,0,0,80.6,100.0,2,10.8,1,0,41.9,0,288,0.36,0,2,Low
967,17,51,65.65,3.7,87.9,0,0,0,16.2,10.7,0,14.0,1,1,48.3,1,274,0.556,1,92,Medium
968,7,7,5.62,44.0,66.3,0,0,0,47.2,26.2,1,12.1,1,0,43.1,2,92,0.575,1,131,Medium
969,17,34,32.96,28.3,88.6,0,1,2,39.4,37.7,0,19.0,1,1,44.4,1,190,0.837,1,171,High
970,9,27,15.23,18.0,62.7,1,0,0,92.2,87.6,0,7.7,1,1,38.4,0,141,0.515,1,111,Medium
971,17,51,28.29,18.5,38.7,0,0,1,26.7,29.5,1,7.7,1,0,39.6,0,212,0.568,1,101,Medium
972,8,16,8.42,15.6,83.1,0,0,1,38.7,41.2,0,8.0,1,0,22.3,1,218,0.479,1,99,Medium
973,17,17,25.37,18.1,55.8,1,0,1,90.9,100.0,0,6.6,1,0,28.8,0,59,0.431,0,2,Medium
974,7,21,19.99,10.4,82.8,0,0,0,39.8,32.3,0,6.6,1,0,45.3,0,178,0.347,0,2,Low
975,1,3,1.88,38.1,63.6,1,0,1,57.8,45.3,0,11.1,1,0,53.1,2,112,0.721,1,174,High
976,13,26,30.48,51.0,77.1,0,0,0,13.0,0.8,0,9.4,0,0,39.0,0,257,0.725,1,111,High
977,19,38,41.69,32.2,55.1,2,0,4,98.6,88.7,2,14.8,1,1,45.4,1,157,0.98,1,221,High
978,19,19,76.78,30.2,67.4,1,0,0,84.2,88.5,0,7.8,1,0,43.9,2,151,0.575,1,147,Medium
979,17,51,70.54,28.0,82.4,3,0,0,67.1,46.3,2,14.5,1,0,55.0,1,72,0.761,1,196,High
980,13,13,34.11,5.3,96.1,0,1,0,15.5,1.3,1,11.9,1,1,47.8,0,283,0.635,1,92,Medium
981,16,16,32.35,28.1,73.4,0,0,2,16.7,17.5,0,31.0,0,0,42.0,0,183,0.824,1,131,High
982,8,16,9.56,22.8,62.0,0,0,0,59.0,77.1,2,11.5,1,0,24.0,1,122,0.357,0,2,Low
983,19,57,82.22,42.8,73.7,0,0,1,35.7,22.4,0,15.3,1,0,32.7,4,58,0.675,1,147,Medium
984,18,54,18.41,21.8,48.4,0,0,0,66.1,71.3,0,6.1,1,0,28.8,2,100,0.499,1,96,Medium
985,1,3,1.9,37.3,69.5,1,0,0,63.8,60.7,0,6.8,1,1,49.9,1,91,0.663,1,144,Medium
986,14,28,26.64,29.1,67.6,0,0,1,85.5,93.1,0,28.0,1,0,35.6,0,256,0.392,0,1,Low
987,19,38,37.72,20.5,70.9,1,0,0,35.3,36.2,5,16.7,1,0,38.7,0,238,0.604,1,145,Medium
988,15,30,21.12,37.6,69.4,1,0,1,62.0,62.4,0,15.3,1,0,53.8,1,177,0.638,1,131,Medium
989,18,36,66.56,58.6,72.8,1,2,2,80.0,100.0,2,11.4,1,0,49.3,0,136,0.98,1,187,High
990,2,4,2.51,5.3,75.5,0,1,2,54.2,98.1,1,12.5,1,0,47.6,2,191,0.658,1,109,Medium
991,17,51,53.54,32.4,89.7,4,2,0,84.8,80.9,0,10.9,1,1,25.0,0,201,0.98,1,225,High
992,18,18,22.65,52.5,77.7,0,3,1,21.8,8.0,3,16.6,1,0,20.8,0,258,0.921,1,160,High
993,6,18,6.37,11.4,72.2,0,0,3,76.1,79.7,4,12.1,1,1,24.4,0,235,0.584,1,98,Medium
994,19,19,79.13,8.3,84.1,2,0,2,94.9,100.0,3,18.5,1,1,45.9,0,149,0.678,1,143,Medium
995,4,8,6.01,13.6,73.9,0,0,0,39.9,59.7,1,7.0,1,0,34.4,1,49,0.372,0,6,Low
996,1,1,3.84,41.1,92.4,1,1,1,43.0,9.3,0,11.7,1,0,24.1,0,181,0.787,1,128,High
997,8,24,22.52,8.9,57.1,0,0,3,17.5,11.3,0,5.4,1,1,45.9,1,276,0.822,1,159,High
998,7,21,7.62,62.2,58.5,0,0,1,67.7,60.1,1,21.6,1,1,26.8,1,234,0.635,1,111,Medium
999,3,3,13.01,4.1,53.7,0,0,2,59.7,47.6,0,15.9,0,0,40.6,0,79,0.59,1,84,Medium
1000,10,20,17.14,39.9,55.3,0,0,1,13.6,0.0,1,4.3,1,0,46.0,0,124,0.671,1,83,Medium
1001,10,20,39.81,12.9,79.1,0,0,0,77.7,74.3,2,15.2,1,0,41.3,2,23,0.282,0,2,Low
1002,19,57,27.07,28.9,83.3,0,0,0,84.6,95.2,0,11.0,1,0,54.8,0,196,0.229,0,14,Low
1003,14,14,55.43,19.5,57.5,1,1,0,91.6,72.9,0,21.9,1,0,35.2,1,57,0.767,1,158,High
1004,2,4,1.7,12.4,66.2,1,0,0,59.1,60.4,4,20.6,1,0,30.9,0,134,0.401,0,3,Medium
1005,1,2,2.69,15.3,74.5,2,2,2,50.7,57.0,0,25.1,1,0,27.0,1,127,0.98,1,209,High
1006,18,54,65.64,14.7,91.4,2,0,1,88.9,100.0,0,18.8,0,0,37.6,1,268,0.726,1,169,High
1007,7,14,29.81,41.8,91.7,0,2,1,45.9,55.4,0,11.4,1,1,49.8,0,245,0.817,1,125,High
1008,8,8,33.31,43.7,88.7,2,0,1,69.0,67.7,0,13.9,1,0,53.1,4,150,0.855,1,224,High
1009,1,3,3.83,35.7,33.0,0,0,0,65.4,70.1,0,8.6,1,0,54.0,0,182,0.472,1,81,Medium
1010,3,9,12.26,12.3,79.7,0,0,0,43.5,54.9,0,10.2,1,0,38.6,0,193,0.366,0,0,Low
1011,8,8,12.3,38.5,62.7,1,0,3,17.8,19.6,0,17.4,1,1,41.2,0,268,0.979,1,181,High
1012,15,45,27.77,31.2,43.8,0,1,1,11.9,23.7,1,5.1,1,0,40.4,3,61,0.917,1,197,High
1013,5,10,9.35,43.6,42.9,1,0,1,48.5,43.5,0,15.2,1,0,36.3,0,156,0.623,1,128,Medium
1014,3,6,6.59,8.6,69.0,0,0,4,53.3,71.3,0,16.5,1,1,25.3,1,295,0.661,1,117,Medium
1015,19,19,42.85,42.5,40.1,0,0,0,84.0,76.4,2,17.9,1,1,22.3,1,99,0.608,1,104,Medium
1016,1,2,2.81,24.5,67.4,0,0,2,47.3,37.0,1,8.2,1,0,35.3,0,107,0.584,1,69,Medium
1017,15,15,20.87,24.5,92.7,0,0,2,35.3,28.3,0,27.4,1,0,26.5,1,173,0.577,1,100,Medium
1018,8,8,26.86,22.3,67.1,2,0,0,51.6,37.0,2,16.5,1,0,51.0,1,66,0.68,1,156,Medium
1019,2,4,2.84,77.8,57.0,4,0,0,31.4,42.7,0,21.0,1,0,46.7,1,274,0.979,1,238,High
1020,3,3,5.84,6.8,92.0,0,0,4,18.2,0.0,0,5.1,1,0,41.6,0,132,0.6,1,98,Medium
1021,14,28,37.27,18.4,74.6,0,1,1,20.2,13.7,3,3.9,1,0,21.7,3,60,0.831,1,175,High
1022,14,42,52.46,33.7,88.5,0,0,0,38.7,43.6,0,5.0,1,0,41.8,0,171,0.32,0,4,Low
1023,11,33,38.9,20.5,86.6,2,0,1,11.1,11.3,3,12.6,1,0,41.7,1,207,0.908,1,186,High
1024,16,16,51.02,46.7,63.3,0,0,1,29.8,29.2,2,18.3,0,1,35.4,2,110,0.975,1,167,High
1025,4,8,5.51,5.0,82.1,3,0,2,80.9,78.8,0,9.9,1,1,43.0,0,271,0.806,1,196,High
1026,5,10,14.12,9.4,52.1,1,0,3,31.1,33.6,0,10.2,1,0,50.0,0,201,0.764,1,152,High
1027,14,42,15.73,4.1,91.4,2,0,3,20.0,5.0,0,2.8,1,1,46.5,0,246,0.921,1,177,High
1028,16,48,35.14,37.6,91.2,1,1,3,95.4,88.2,0,10.2,1,1,36.6,2,268,0.98,1,202,High
1029,18,36,41.94,3.7,44.3,1,0,0,66.0,62.1,3,10.0,1,0,29.2,1,92,0.488,1,116,Medium
1030,7,7,6.63,71.0,64.2,1,0,1,15.4,22.2,0,7.0,1,0,36.7,2,194,0.895,1,200,High
1031,10,30,18.14,52.2,62.1,2,0,0,15.6,29.7,0,8.8,1,0,53.1,0,262,0.8,1,146,High
1032,7,7,30.35,5.2,96.1,2,0,0,65.1,63.1,1,25.1,1,1,48.7,4,260,0.829,1,244,High
1033,1,1,4.33,19.9,72.0,1,2,2,58.6,69.6,0,13.3,0,0,20.9,0,144,0.98,1,160,High
1034,19,57,39.97,32.0,54.5,1,2,1,16.2,17.5,0,12.2,0,0,47.4,2,35,0.98,1,189,High
1035,16,16,15.35,2.9,72.0,3,0,3,30.2,29.1,0,8.5,1,0,26.0,0,299,0.902,1,199,High
1036,19,19,27.79,34.6,82.6,3,0,0,93.6,100.0,2,14.7,1,1,40.0,0,90,0.711,1,168,High
1037,4,8,9.0,31.8,69.0,1,0,2,61.5,39.8,0,38.3,1,0,48.2,0,174,0.635,1,121,Medium
1038,18,18,77.52,14.9,61.5,0,0,0,49.6,56.2,0,17.5,1,0,39.6,0,183,0.348,0,3,Low
1039,2,4,2.64,29.5,69.6,0,0,0,32.5,22.2,0,9.8,1,0,34.1,0,292,0.423,0,2,Medium
1040,1,3,3.63,48.5,97.8,2,0,1,22.0,37.6,1,10.7,0,0,31.2,0,154,0.858,1,166,High
1041,15,45,18.03,30.0,77.8,0,0,0,46.2,36.3,0,20.0,1,0,30.7,0,22,0.387,0,2,Low
1042,5,10,22.15,32.9,75.9,0,0,1,93.0,88.3,0,35.1,1,0,49.3,1,170,0.41,0,2,Medium
1043,11,33,24.33,27.7,96.9,0,0,3,14.4,0.0,1,4.8,1,0,48.9,0,195,0.563,1,75,Medium
1044,10,10,36.68,21.1,92.1,1,0,1,99.2,100.0,1,11.5,1,0,48.8,0,228,0.392,0,2,Low
1045,2,2,4.14,25.2,79.1,1,0,0,28.7,22.4,0,10.6,1,0,29.9,3,218,0.698,1,153,Medium
1046,3,3,9.37,10.5,89.0,0,0,0,46.8,38.7,2,19.9,1,0,48.0,0,255,0.362,0,1,Low
1047,12,36,18.13,4.0,80.5,0,0,1,14.1,14.5,0,11.8,1,0,21.3,0,31,0.513,1,96,Medium
1048,5,5,6.7,33.2,65.1,1,0,1,62.6,37.6,2,21.3,0,0,27.2,0,291,0.776,1,155,High
1049,5,15,21.35,7.9,33.8,3,0,1,53.5,43.1,1,4.0,1,0,38.0,2,65,0.877,1,211,High
1050,6,6,25.17,10.3,89.5,0,0,0,70.0,67.2,2,15.9,1,0,34.2,0,226,0.217,0,1,Low
1051,9,18,36.75,42.2,71.1,0,0,2,58.8,80.8,1,19.9,1,0,23.9,0,68,0.492,1,80,Medium
1052,2,6,6.23,28.3,74.3,1,0,0,45.8,48.6,0,3.6,1,1,21.5,2,58,0.699,1,180,Medium
1053,12,36,45.49,35.0,71.5,2,0,1,76.4,82.3,2,15.6,1,1,41.4,0,247,0.775,1,162,High
1054,3,3,3.17,7.0,37.8,1,0,1,12.3,13.2,2,5.6,0,0,31.0,0,43,0.891,1,160,High
1055,12,36,24.46,24.4,45.9,1,0,0,58.7,100.0,4,10.7,1,0,20.6,0,185,0.492,1,94,Medium
1056,17,51,33.33,43.5,75.2,2,1,2,20.2,33.7,0,10.1,1,1,35.1,0,75,0.98,1,221,High
1057,10,20,31.52,68.7,56.2,0,0,1,49.2,18.7,1,5.8,1,0,30.7,0,75,0.547,1,104,Medium
1058,14,28,29.64,26.4,69.8,0,0,1,81.2,84.5,1,12.7,0,1,40.2,0,34,0.65,1,103,Medium
1059,17,17,22.94,14.4,85.4,1,0,1,22.8,39.2,1,10.1,1,1,52.5,2,70,0.72,1,161,High
1060,18,36,54.12,36.6,79.5,2,0,3,94.2,72.4,5,8.6,1,1,30.8,0,190,0.823,1,180,High
1061,19,19,72.45,16.8,80.7,1,0,1,90.0,91.6,1,29.7,1,0,54.9,0,263,0.485,1,75,Medium
1062,17,17,37.64,18.1,91.8,3,1,0,47.3,39.2,1,20.1,1,0,23.0,0,218,0.769,1,156,High
1063,14,14,18.05,50.6,97.5,1,0,0,10.5,0.0,0,14.8,1,0,23.1,0,198,0.637,1,109,Medium
1064,9,27,13.75,9.1,89.2,1,0,0,81.1,100.0,0,9.7,0,0,45.0,0,60,0.461,1,98,Medium
1065,8,16,13.43,17.3,57.9,0,2,0,89.3,79.4,0,4.2,1,0,46.2,2,59,0.767,1,165,High
1066,2,2,3.82,24.4,66.5,0,0,4,25.7,15.9,0,7.6,1,0,34.8,0,56,0.633,1,86,Medium
1067,13,26,41.32,14.4,70.8,1,0,1,92.5,79.0,0,7.8,1,0,30.0,1,22,0.507,1,134,Medium
1068,7,7,21.16,20.0,62.1,0,0,2,92.3,76.0,0,27.8,1,1,47.8,2,28,0.643,1,126,Medium
1069,9,18,30.38,17.4,90.3,0,1,0,52.4,44.2,1,3.9,1,0,53.5,0,243,0.557,1,94,Medium
1070,11,22,23.55,41.9,62.7,2,0,1,81.8,72.9,1,9.4,1,0,54.6,1,296,0.78,1,173,High
1071,14,14,53.88,59.9,84.6,2,1,3,50.0,32.2,2,15.9,1,1,42.2,1,116,0.98,1,210,High
1072,4,12,6.22,24.8,80.2,0,0,0,60.8,60.4,1,13.0,1,0,45.9,0,251,0.338,0,0,Low
1073,13,26,32.96,19.9,34.2,1,1,1,38.8,0.9,1,9.9,1,0,48.8,0,43,0.851,1,149,High
1074,2,6,7.53,18.1,75.1,0,2,3,24.4,25.9,0,6.9,1,1,48.0,0,205,0.98,1,145,High
1075,5,15,7.33,10.9,83.7,0,0,3,77.2,91.8,2,15.5,1,0,54.8,0,283,0.489,1,86,Medium
1076,11,11,13.27,35.7,81.3,1,0,2,10.1,2.1,0,10.5,1,1,48.4,1,230,0.863,1,184,High
1077,6,6,24.42,60.0,86.8,1,0,2,62.2,67.5,5,27.9,1,1,43.2,1,262,0.82,1,148,High
1078,18,18,37.24,28.5,70.1,0,1,1,87.8,84.0,1,11.9,1,0,33.2,2,291,0.645,1,137,Medium
1079,10,20,33.3,36.4,69.9,0,1,0,29.9,65.2,0,30.1,1,0,40.9,0,26,0.615,1,104,Medium
1080,4,4,3.58,41.6,67.1,0,0,1,40.0,54.6,0,13.7,1,0,50.8,2,120,0.653,1,155,Medium
1081,9,9,30.18,33.4,71.4,4,0,4,62.9,49.9,0,9.0,1,1,30.7,0,38,0.98,1,231,High
1082,6,12,11.82,45.2,65.8,1,1,1,32.2,51.6,0,8.5,1,0,21.1,0,291,0.827,1,168,High
1083,2,4,2.01,41.6,79.9,0,0,0,86.3,100.0,0,11.6,1,0,31.5,1,18,0.33,0,2,Low
1084,17,17,51.96,6.8,83.2,0,0,1,43.0,39.8,1,7.1,0,0,53.6,3,295,0.622,1,140,Medium
1085,5,5,8.45,31.3,83.6,1,0,1,62.3,69.6,0,6.6,1,1,47.8,0,22,0.609,1,108,Medium
1086,6,6,13.39,26.1,39.8,1,0,0,30.4,45.6,1,19.5,1,1,26.5,1,178,0.81,1,170,High
1087,12,12,13.18,12.7,67.0,2,1,1,13.7,0.0,2,15.1,1,1,20.4,0,128,0.98,1,182,High
1088,10,30,13.45,14.0,90.8,0,2,1,25.6,0.0,1,6.4,1,0,43.4,0,64,0.86,1,124,High
1089,6,18,11.42,31.4,29.4,4,0,1,14.2,16.6,0,17.0,1,0,40.3,0,252,0.98,1,244,High
1090,8,8,9.06,18.4,70.8,0,0,0,52.2,39.9,0,10.2,1,0,22.9,0,298,0.305,0,2,Low
1091,2,6,8.34,25.0,82.2,0,1,0,62.8,59.5,0,15.2,1,1,53.8,0,76,0.628,1,83,Medium
1092,12,24,9.87,42.2,94.5,0,1,1,14.0,29.4,2,15.9,1,0,41.6,1,141,0.744,1,125,High
1093,13,39,33.67,9.6,74.7,0,0,1,18.1,26.6,1,8.0,1,0,42.8,0,235,0.564,1,93,Medium
1094,7,21,8.79,24.2,84.9,3,0,0,53.7,62.1,1,32.1,1,1,49.9,1,216,0.771,1,191,High
1095,10,10,19.38,15.0,93.9,1,0,0,81.9,80.0,0,8.1,0,0,31.8,1,174,0.523,1,96,Medium
1096,13,39,54.94,42.6,68.2,1,1,0,66.5,56.8,0,15.8,1,1,39.5,0,22,0.87,1,148,High
1097,17,51,23.77,16.9,71.0,0,0,1,19.4,8.8,2,7.5,1,0,40.2,1,139,0.622,1,120,Medium
1098,14,42,61.23,47.6,91.2,0,1,4,89.9,100.0,1,10.6,1,0,53.9,1,104,0.74,1,130,High
1099,2,6,3.12,33.9,67.7,0,0,2,92.6,100.0,4,11.1,1,1,24.6,0,258,0.492,1,83,Medium
1100,11,22,38.98,38.4,91.4,1,3,2,39.2,55.4,5,19.4,1,1,46.6,0,209,0.98,1,160,High
1101,1,1,2.82,43.0,54.0,1,1,1,65.4,61.2,2,13.4,1,0,40.1,2,120,0.98,1,210,High
1102,19,19,77.38,24.1,69.2,0,0,1,54.3,37.6,0,17.6,1,0,49.6,4,220,0.633,1,136,Medium
1103,4,8,11.4,8.6,82.8,0,2,0,94.8,100.0,0,12.8,1,1,49.1,0,85,0.685,1,118,Medium
1104,19,57,52.78,10.7,69.0,0,1,1,55.8,62.6,0,22.4,0,1,20.4,2,46,0.907,1,191,High
1105,11,22,16.76,44.5,81.5,2,1,1,96.4,100.0,5,16.1,1,1,29.0,1,180,0.965,1,192,High
1106,8,24,11.32,15.7,79.6,0,0,1,27.9,18.9,0,13.7,1,0,26.3,0,226,0.486,1,70,Medium
1107,11,22,46.1,30.8,46.5,0,0,1,41.1,51.4,1,15.2,1,0,36.2,2,24,0.597,1,107,Medium
1108,4,4,8.05,50.8,87.8,0,0,0,80.3,77.2,4,4.7,1,1,51.7,2,212,0.587,1,124,Medium
1109,17,17,37.0,22.6,72.8,0,0,0,80.5,64.7,2,6.1,1,0,20.2,0,261,0.277,0,0,Low
1110,7,7,25.28,21.8,87.9,0,0,2,75.9,70.8,1,3.5,1,0,37.1,0,231,0.419,0,5,Medium
1111,8,24,16.43,32.7,77.9,1,0,0,87.4,93.4,0,14.0,1,0,51.0,2,143,0.459,1,116,Medium
1112,3,9,12.97,17.5,68.8,3,0,0,73.2,96.2,0,12.4,1,0,52.4,0,212,0.679,1,181,Medium
1113,2,4,7.06,60.3,62.2,0,1,3,67.2,43.6,1,21.1,1,0,43.0,0,89,0.798,1,134,High
1114,15,30,45.16,9.5,89.6,0,0,1,51.3,32.7,4,1.8,1,0,49.0,3,104,0.516,1,129,Medium
1115,5,5,20.3,59.1,95.8,1,0,0,52.0,45.6,3,11.9,1,0,31.3,0,295,0.458,1,106,Medium
1116,1,3,0.98,8.8,71.8,1,0,0,46.6,32.6,0,5.1,1,0,30.0,1,66,0.537,1,142,Medium
1117,4,8,7.0,70.7,57.9,0,0,0,65.8,65.8,0,13.8,1,1,21.7,0,26,0.625,1,101,Medium
1118,15,45,37.81,9.7,50.7,2,1,1,46.6,39.2,1,14.6,1,0,37.6,0,60,0.861,1,181,High
1119,19,57,31.16,37.5,38.2,2,0,2,23.3,25.2,1,17.3,0,0,36.0,0,151,0.98,1,193,High
1120,3,3,10.66,18.8,89.6,0,0,0,19.6,22.1,0,6.4,1,1,33.0,0,151,0.413,0,10,Medium
1121,11,11,46.21,14.7,87.8,1,0,2,93.2,72.9,0,4.3,1,0,24.0,0,111,0.474,1,87,Medium
1122,17,51,40.26,43.0,49.8,1,0,0,12.2,9.1,4,16.3,1,0,28.1,1,176,0.787,1,140,High
1123,13,39,26.86,8.7,77.9,1,0,0,19.5,7.5,4,7.8,1,1,27.1,1,102,0.691,1,155,Medium
1124,11,33,47.94,48.3,97.2,0,0,4,50.1,67.2,1,7.4,1,1,53.0,2,67,0.808,1,167,High
1125,2,6,4.89,43.3,85.5,0,0,0,33.7,23.5,1,12.0,1,0,53.8,1,123,0.489,1,94,Medium
1126,9,9,23.49,37.8,79.0,0,0,2,46.5,39.1,0,5.3,0,1,20.1,0,59,0.881,1,142,High
1127,2,4,4.2,14.9,79.9,1,1,1,20.6,7.0,2,16.1,1,0,26.0,4,175,0.98,1,228,High
1128,9,9,37.49,47.9,90.2,0,0,0,21.8,21.4,0,5.8,1,0,51.1,0,299,0.486,1,92,Medium
1129,9,18,26.15,5.3,86.6,0,0,1,82.1,79.8,0,6.9,1,1,21.3,0,96,0.435,0,10,Medium
1130,8,24,28.96,27.2,67.0,1,0,1,78.3,100.0,0,9.2,1,0,53.0,1,269,0.621,1,151,Medium
1131,17,34,64.66,20.4,81.9,0,0,3,19.4,18.9,0,6.3,0,1,33.3,0,201,0.838,1,141,High
1132,1,1,2.06,33.0,85.3,1,0,1,70.1,90.3,2,18.9,1,0,38.9,0,103,0.521,1,106,Medium
1133,11,11,26.45,40.8,74.7,0,0,1,64.8,87.9,5,18.0,1,0,46.7,2,39,0.508,1,115,Medium
1134,8,24,31.51,15.1,70.9,0,0,0,74.2,68.9,1,12.6,1,0,28.5,0,67,0.331,0,6,Low
1135,10,10,21.44,49.8,74.4,0,0,1,52.7,50.1,2,7.7,1,0,23.5,1,92,0.593,1,103,Medium
1136,7,21,26.16,13.4,54.9,3,0,0,34.3,25.7,0,6.6,1,0,48.3,2,128,0.835,1,233,High
1137,3,3,12.85,15.3,63.7,1,0,0,69.7,51.3,1,13.7,0,0,54.5,4,272,0.861,1,212,High
1138,3,3,9.32,44.1,49.9,0,2,4,43.4,78.8,2,6.6,0,1,43.1,0,159,0.98,1,162,High
1139,18,54,63.79,25.4,77.2,3,0,0,29.7,21.2,1,8.1,0,1,48.9,0,210,0.98,1,197,High
1140,5,10,18.89,27.2,90.5,1,0,0,46.8,33.3,0,4.6,1,0,52.9,1,116,0.585,1,120,Medium
1141,12,12,47.12,11.1,51.2,0,2,1,78.7,62.8,2,12.0,1,0,28.0,0,183,0.79,1,147,High
1142,12,24,27.14,41.5,87.9,0,0,2,52.8,43.4,0,6.7,1,0,32.3,1,109,0.5,1,110,Medium
1143,19,19,18.8,25.2,66.3,0,0,0,37.0,32.4,0,10.6,1,1,27.7,1,276,0.594,1,129,Medium
1144,6,6,13.72,12.6,75.8,1,0,0,84.9,100.0,1,7.3,1,0,22.2,1,276,0.464,1,123,Medium
1145,2,2,6.59,41.2,71.7,1,0,0,89.3,100.0,0,18.4,1,1,45.6,1,42,0.631,1,128,Medium
1146,12,12,29.6,11.4,90.6,0,0,0,49.0,17.8,1,14.1,0,1,25.1,2,150,0.639,1,126,Medium
1147,19,38,67.85,41.5,66.1,0,1,1,43.7,67.5,1,5.1,1,0,23.2,0,143,0.639,1,114,Medium
1148,5,10,10.6,3.4,77.1,0,0,1,65.1,90.3,0,19.3,0,0,32.5,1,288,0.517,1,110,Medium
1149,12,12,37.78,25.8,87.7,0,0,1,15.2,5.9,4,9.6,1,0,22.1,0,236,0.458,1,89,Medium
1150,17,17,25.33,67.5,89.3,0,0,1,72.2,58.5,2,19.7,1,1,26.3,0,137,0.52,1,85,Medium
1151,17,34,60.74,29.2,59.2,0,0,2,80.4,88.2,0,12.8,0,0,22.4,0,106,0.622,1,98,Medium
1152,10,30,28.19,9.4,80.0,0,0,1,45.8,36.2,2,9.7,1,1,50.7,1,25,0.629,1,130,Medium
1153,17,51,26.44,23.3,52.0,3,0,3,25.7,48.2,0,4.3,0,1,47.3,4,20,0.98,1,258,High
1154,15,30,28.2,15.0,57.1,0,0,1,12.6,20.0,2,5.0,1,0,50.1,1,242,0.574,1,104,Medium
1155,12,12,42.84,33.2,96.2,0,0,2,67.4,56.1,2,22.2,0,0,50.4,0,36,0.576,1,89,Medium
1156,16,16,41.37,16.0,72.0,0,1,1,34.2,38.6,0,6.9,1,0,53.1,1,229,0.754,1,132,High
1157,19,57,30.39,31.2,71.3,0,0,1,51.8,52.9,1,18.9,1,0,26.5,0,298,0.471,1,91,Medium
1158,8,24,35.03,44.9,61.7,1,0,2,44.8,16.0,2,20.1,1,0,51.5,1,129,0.87,1,181,High
1159,17,34,58.58,24.2,85.3,1,0,0,25.7,10.9,0,15.7,0,0,38.4,2,228,0.86,1,189,High
1160,5,15,21.71,15.6,87.6,0,0,1,55.8,45.9,0,4.6,1,1,25.8,0,155,0.515,1,64,Medium
1161,16,32,38.08,25.5,42.6,0,0,1,51.4,57.1,0,7.8,1,1,43.0,0,193,0.612,1,84,Medium
1162,6,18,15.35,40.0,61.3,0,1,2,66.2,74.7,0,28.7,1,0,31.4,0,15,0.705,1,122,High
1163,8,24,32.98,41.6,84.3,0,0,1,32.7,50.8,0,25.2,1,0,21.6,0,43,0.487,1,80,Medium
1164,18,54,49.37,41.3,74.3,1,0,1,29.3,18.7,0,6.4,1,0,22.8,1,299,0.717,1,164,High
1165,12,12,41.0,22.2,68.7,0,1,0,83.3,61.1,0,9.5,1,1,34.8,0,119,0.596,1,86,Medium
1166,15,15,26.0,20.2,68.6,1,0,3,73.2,60.5,0,18.6,1,0,48.9,0,176,0.677,1,128,Medium
1167,9,9,22.08,47.0,85.7,1,0,0,79.5,68.9,1,3.7,1,0,30.9,1,54,0.544,1,119,Medium
1168,13,39,16.34,30.4,68.1,0,0,2,21.1,9.1,5,18.1,1,0,46.8,2,236,0.721,1,156,High
1169,15,30,23.43,39.4,82.0,0,0,0,30.2,29.9,3,12.7,1,0,22.0,0,66,0.438,0,17,Medium
1170,10,20,8.03,59.8,86.9,3,2,0,61.8,72.3,0,45.3,1,1,33.8,0,78,0.98,1,210,High
1171,16,32,15.12,18.6,59.9,0,0,0,87.1,80.9,2,20.6,0,0,24.5,0,18,0.448,0,11,Medium
1172,7,14,30.91,51.5,38.9,0,0,1,90.3,97.8,3,3.4,0,1,50.2,0,32,0.691,1,116,Medium
1173,17,17,28.84,5.6,79.0,0,0,0,84.9,99.5,3,16.9,1,0,53.9,0,24,0.235,0,11,Low
1174,7,7,22.78,47.2,70.5,1,0,0,13.9,13.7,3,23.4,1,0,31.4,4,284,0.828,1,190,High
1175,14,42,54.67,38.8,75.9,0,0,0,83.9,66.8,2,14.8,1,1,54.6,0,113,0.493,1,66,Medium
1176,15,45,42.56,32.6,70.3,3,1,0,90.9,86.7,0,14.3,1,1,46.3,0,208,0.917,1,201,High
1177,7,14,9.57,53.7,73.2,1,0,0,15.1,30.4,0,14.2,1,0,20.0,0,48,0.626,1,133,Medium
1178,9,9,31.45,36.5,65.5,2,0,0,47.5,57.0,1,20.2,1,0,37.0,2,79,0.815,1,188,High
1179,19,38,57.4,25.8,71.3,0,0,2,58.3,42.3,0,13.8,1,0,49.2,0,177,0.507,1,77,Medium
1180,16,48,56.09,18.5,59.9,2,1,1,30.9,48.6,5,11.7,1,1,38.7,2,190,0.98,1,203,High
1181,8,24,29.18,7.2,70.9,0,0,1,56.5,51.5,0,14.5,1,1,39.2,1,61,0.529,1,105,Medium
1182,18,36,79.36,28.4,81.6,0,0,3,89.7,73.6,4,4.3,1,0,35.7,3,232,0.6,1,126,Medium
1183,18,54,52.6,3.0,86.4,2,0,1,88.0,87.5,2,11.9,1,0,33.8,0,235,0.504,1,146,Medium
1184,7,14,14.45,39.3,63.6,0,0,3,94.6,71.7,0,8.9,1,0,21.0,0,25,0.464,1,64,Medium
1185,3,3,9.6,11.9,87.7,3,0,0,53.6,63.4,0,20.6,1,0,41.8,1,204,0.675,1,194,Medium
1186,18,36,18.96,37.8,92.3,0,1,1,47.0,64.2,0,6.7,1,0,46.8,1,100,0.671,1,128,Medium
1187,10,10,41.2,24.5,96.4,4,0,0,69.9,54.9,1,11.6,1,1,47.7,1,47,0.849,1,220,High
1188,7,7,8.69,46.5,80.4,0,0,1,47.5,45.0,2,7.2,1,1,41.9,1,109,0.671,1,135,Medium
1189,17,51,34.22,7.7,85.1,1,0,1,13.8,26.9,4,14.2,1,0,31.9,1,195,0.607,1,107,Medium
1190,14,42,53.46,22.4,71.2,0,1,0,74.8,54.8,0,27.6,1,0,20.8,3,298,0.655,1,149,Medium
1191,3,9,9.03,31.1,74.4,0,0,2,35.3,17.0,0,17.0,1,0,51.4,3,37,0.726,1,169,High
1192,12,24,27.08,20.8,74.6,1,0,1,14.4,10.8,0,17.2,1,0,35.0,0,63,0.7,1,129,Medium
1193,13,26,33.17,22.3,63.2,1,0,0,11.9,7.7,0,5.7,1,1,41.0,0,235,0.787,1,132,High
1194,2,6,7.92,38.1,75.6,0,0,1,93.8,94.5,2,14.0,1,0,26.8,1,16,0.317,0,0,Low
1195,3,6,6.17,12.7,58.8,0,0,2,32.7,31.1,0,8.3,1,0,25.0,0,91,0.588,1,92,Medium
1196,5,15,20.09,19.9,58.2,0,0,0,50.3,30.4,1,10.5,1,0,23.0,0,125,0.341,0,0,Low
1197,11,22,12.39,51.2,89.3,0,0,0,95.6,71.4,0,9.4,1,0,48.0,0,168,0.336,0,9,Low
1198,8,8,29.39,28.6,72.9,0,0,2,52.1,32.3,0,6.8,1,0,42.6,4,159,0.641,1,163,Medium
1199,12,12,47.23,10.0,58.7,2,0,4,17.1,24.6,1,13.1,1,1,41.7,0,111,0.98,1,194,High
1200,7,21,10.31,66.7,96.9,0,2,0,59.7,74.0,1,14.2,1,1,52.2,2,228,0.948,1,178,High
1201,15,30,35.88,21.9,77.1,0,0,3,17.9,16.6,0,19.0,1,0,25.6,0,88,0.639,1,122,Medium
1202,17,34,24.01,25.9,89.6,3,0,0,18.6,29.3,1,21.5,1,0,26.0,1,40,0.79,1,220,High
1203,4,4,13.66,62.5,50.3,0,0,3,86.6,77.5,0,16.3,1,0,26.6,0,236,0.648,1,106,Medium
1204,13,13,36.15,3.2,85.1,1,0,1,36.0,30.5,1,5.6,1,1,34.8,0,217,0.567,1,119,Medium
1205,18,54,56.71,25.3,74.2,1,0,2,71.1,85.0,4,8.3,1,0,50.6,2,292,0.703,1,144,High
1206,1,1,1.53,59.7,72.2,1,0,2,55.8,62.8,1,12.1,1,1,50.9,4,43,0.98,1,237,High
1207,16,48,25.34,1.7,56.5,1,0,0,30.0,32.6,0,20.9,1,0,40.7,0,129,0.56,1,112,Medium
1208,13,13,12.4,8.0,51.0,1,0,0,56.6,54.4,2,14.7,1,0,43.0,1,280,0.583,1,125,Medium
1209,10,10,19.92,28.1,50.4,0,0,1,16.2,0.0,2,19.6,1,1,51.4,1,124,0.802,1,138,High
1210,12,24,34.45,29.7,85.7,0,0,0,41.2,42.5,0,23.8,1,1,41.8,0,167,0.524,1,74,Medium
1211,2,2,7.95,14.7,53.2,1,0,1,57.1,61.7,1,22.7,1,0,28.0,0,132,0.508,1,101,Medium
1212,3,3,9.8,40.9,57.1,0,0,3,30.6,63.7,0,7.2,1,0,44.7,1,137,0.707,1,141,High
1213,10,30,24.11,14.2,81.8,0,0,0,69.4,68.2,2,6.1,1,0,46.9,0,219,0.305,0,2,Low
1214,2,2,8.65,13.3,56.5,2,0,1,14.7,9.2,0,16.0,0,1,42.2,0,265,0.98,1,196,High
1215,13,39,45.0,34.4,88.7,1,0,0,53.6,57.8,3,20.2,1,1,29.6,4,148,0.793,1,219,High
1216,13,13,55.14,21.5,32.3,0,0,1,74.3,96.0,1,4.7,0,0,34.0,0,266,0.612,1,86,Medium
1217,18,18,49.54,14.4,75.4,3,2,0,48.7,54.0,0,10.9,1,0,36.5,0,15,0.98,1,223,High
1218,3,9,5.27,43.6,53.1,1,0,0,88.7,86.0,0,19.8,1,0,25.1,2,298,0.626,1,148,Medium
1219,7,14,6.97,19.2,72.8,3,0,2,66.9,55.1,0,6.6,1,0,35.8,0,228,0.836,1,185,High
1220,14,42,48.81,10.3,67.6,3,0,2,96.3,83.8,0,13.2,0,1,25.6,1,138,0.98,1,257,High
1221,17,51,21.23,19.0,85.6,0,0,2,35.6,47.3,0,15.0,1,0,37.5,0,211,0.47,1,69,Medium
1222,12,36,23.04,27.8,13.5,1,0,2,94.5,90.2,0,4.1,1,0,21.8,3,34,0.8,1,188,High
1223,16,32,44.32,5.3,76.8,1,0,1,64.6,94.7,1,17.8,1,0,53.2,0,183,0.493,1,93,Medium
1224,12,12,34.66,33.8,48.3,2,1,1,77.1,78.4,0,19.5,1,1,28.6,0,112,0.98,1,200,High
1225,15,45,45.33,26.3,79.6,1,0,0,91.2,98.5,0,12.7,1,0,36.3,0,160,0.381,0,0,Low
1226,10,30,14.15,19.0,50.6,0,3,0,59.6,51.3,1,3.8,1,0,21.1,0,176,0.724,1,102,High
1227,7,14,15.44,41.6,59.6,0,0,0,87.6,75.3,0,8.8,1,0,26.7,2,80,0.483,1,112,Medium
1228,5,15,15.42,15.8,79.0,0,0,0,58.8,70.3,0,20.7,1,1,44.3,0,259,0.431,0,35,Medium
1229,1,1,4.39,30.6,76.8,2,0,0,63.9,81.8,0,7.3,1,0,23.9,0,140,0.674,1,128,Medium
1230,17,34,59.37,22.1,63.7,2,0,0,50.1,35.2,1,22.8,1,1,42.0,0,234,0.747,1,175,High
1231,3,3,12.64,2.8,79.4,0,2,1,23.1,12.1,0,11.3,1,0,20.1,4,297,0.952,1,215,High
1232,13,13,47.06,53.7,88.0,1,0,0,59.8,49.9,0,18.1,1,0,36.3,0,44,0.543,1,115,Medium
1233,14,28,41.85,6.2,51.8,2,0,1,98.0,100.0,1,6.2,0,0,45.2,1,100,0.779,1,154,High
1234,18,54,27.19,49.7,47.6,0,0,1,80.8,86.2,0,27.6,1,0,52.4,1,270,0.463,1,106,Medium
1235,4,4,13.07,56.0,30.4,0,0,3,77.3,75.8,0,8.2,1,1,37.2,2,239,0.844,1,189,High
1236,18,18,55.92,25.6,54.8,0,0,0,67.9,56.2,0,10.6,1,0,49.4,1,254,0.531,1,98,Medium
1237,5,5,15.15,30.5,46.8,2,0,1,41.3,65.4,2,10.1,1,1,48.1,0,271,0.98,1,188,High
1238,16,16,41.8,13.3,66.8,1,0,1,25.3,40.0,2,2.2,0,0,30.4,0,147,0.784,1,116,High
1239,1,2,2.76,20.9,87.4,0,2,3,30.2,0.3,5,11.0,1,0,50.6,0,147,0.92,1,131,High
1240,14,28,28.52,18.0,52.5,0,0,0,10.6,23.5,1,7.1,1,1,42.4,1,85,0.613,1,123,Medium
1241,15,15,40.82,4.2,78.7,1,0,0,70.6,66.3,1,12.8,0,1,23.6,0,296,0.658,1,124,Medium
1242,9,27,13.78,38.7,74.7,2,0,0,83.1,74.1,3,14.5,1,1,52.9,0,104,0.706,1,134,High
1243,15,15,56.69,32.1,94.7,1,1,0,34.2,45.7,0,7.4,1,1,26.2,0,273,0.792,1,165,High
1244,17,51,25.29,21.5,60.6,0,0,1,18.3,23.6,1,7.5,0,1,36.5,3,181,0.94,1,187,High
1245,4,4,4.46,18.2,68.7,0,1,2,40.2,41.5,0,8.1,0,0,36.3,1,92,0.853,1,133,High
1246,12,36,28.97,28.6,73.4,2,0,0,36.3,22.8,1,13.2,0,0,41.9,0,191,0.874,1,180,High
1247,5,5,16.18,38.3,81.0,0,0,0,50.6,65.8,0,9.8,1,0,43.3,0,284,0.399,0,10,Low
1248,5,15,12.1,42.5,93.4,0,0,0,33.8,15.3,2,7.5,0,1,28.2,0,34,0.672,1,91,Medium
1249,11,11,20.06,48.5,81.4,2,3,0,40.6,52.2,5,9.5,1,0,32.3,0,151,0.98,1,193,High
1250,6,6,17.19,9.0,55.7,4,0,3,91.7,93.0,0,20.5,1,0,25.1,1,205,0.842,1,248,High
1251,7,21,14.59,40.9,71.9,1,0,2,40.1,39.6,2,12.7,1,1,24.4,1,276,0.839,1,152,High
1252,14,28,59.52,20.1,64.0,1,0,0,80.7,72.4,0,9.0,1,0,48.9,2,116,0.568,1,145,Medium
1253,11,33,46.35,47.2,76.9,0,0,0,66.3,68.8,0,23.3,1,0,46.3,2,119,0.466,1,100,Medium
1254,13,26,34.56,15.7,67.2,0,0,3,40.4,19.8,1,15.6,1,0,35.5,0,111,0.606,1,103,Medium
1255,2,2,4.03,10.2,77.7,0,1,0,83.6,100.0,0,4.1,1,0,23.4,2,19,0.464,1,91,Medium
1256,7,21,24.69,14.5,86.9,1,1,1,63.6,57.6,1,17.8,1,0,35.7,1,155,0.816,1,168,High
1257,4,12,3.74,43.8,60.7,0,2,3,10.8,0.5,0,28.9,0,0,30.3,1,157,0.98,1,160,High
1258,8,24,20.45,11.4,88.4,2,0,1,16.2,13.2,1,18.4,1,0,47.2,3,251,0.891,1,203,High
1259,19,38,38.84,4.8,78.3,0,0,0,77.7,72.1,1,8.4,1,1,23.4,3,198,0.513,1,110,Medium
1260,13,26,54.68,53.5,70.2,0,0,0,50.2,68.9,3,11.3,1,1,35.8,2,215,0.658,1,132,Medium
1261,14,14,11.82,12.0,33.2,0,0,3,46.5,20.5,1,3.9,1,1,40.7,0,44,0.773,1,126,High
1262,10,20,28.45,46.4,66.8,1,1,0,23.1,22.0,0,17.2,1,0,54.5,0,138,0.873,1,174,High
1263,11,22,38.95,47.9,64.5,0,0,0,24.2,47.9,0,10.6,1,1,23.1,2,139,0.712,1,148,High
1264,2,2,5.19,9.2,76.4,2,1,2,81.8,82.8,3,8.0,1,0,24.0,0,298,0.846,1,194,High
1265,9,27,10.04,30.3,47.8,0,1,2,84.6,87.4,1,10.8,1,1,54.6,2,87,0.839,1,161,High
1266,17,51,74.77,24.3,83.0,1,0,1,60.4,60.0,1,4.2,1,1,34.2,1,265,0.693,1,152,Medium
1267,3,3,8.15,22.4,80.2,1,0,0,36.6,26.9,1,4.6,1,1,46.0,1,141,0.665,1,129,Medium
1268,6,18,18.43,79.1,28.2,0,0,1,93.9,100.0,0,5.6,1,0,47.4,0,236,0.584,1,97,Medium
1269,5,10,8.38,44.3,82.9,1,0,0,66.2,63.3,1,2.4,1,1,31.0,0,167,0.638,1,117,Medium
1270,5,5,12.94,17.3,69.0,1,0,0,81.7,83.8,2,8.6,1,1,27.5,2,197,0.632,1,145,Medium
1271,15,15,35.82,54.7,48.8,2,2,2,10.3,18.5,0,6.5,1,0,29.7,0,83,0.98,1,197,High
1272,17,17,18.31,38.8,82.2,2,0,0,50.5,57.1,4,21.0,1,0,46.8,1,233,0.73,1,154,High
1273,9,27,10.74,30.8,78.6,0,0,0,88.4,89.9,0,6.1,0,0,49.4,1,71,0.575,1,110,Medium
1274,3,3,11.7,0.7,65.6,0,0,0,40.4,53.9,0,16.2,0,1,44.5,0,17,0.625,1,108,Medium
1275,17,17,28.68,13.8,75.8,0,1,1,75.4,90.6,0,7.2,1,1,35.4,0,73,0.566,1,82,Medium
1276,10,10,15.21,24.3,79.0,4,0,1,69.2,81.0,1,13.0,1,0,29.2,1,197,0.736,1,214,High
1277,3,9,8.0,15.7,84.1,0,0,2,23.7,39.5,0,23.9,1,0,34.9,0,93,0.514,1,97,Medium
1278,18,36,65.6,8.9,95.6,1,0,1,79.7,100.0,0,5.6,1,0,52.0,0,183,0.456,1,102,Medium
1279,18,18,18.53,38.9,90.8,1,0,1,20.1,2.0,5,25.8,1,1,50.2,2,88,0.892,1,191,High
1280,17,34,49.88,18.1,79.7,1,0,1,75.5,100.0,0,17.8,0,0,31.3,1,73,0.671,1,147,Medium
1281,3,9,3.72,58.8,50.4,0,0,0,99.2,100.0,0,14.5,1,0,31.5,2,176,0.438,0,14,Medium
1282,3,9,2.8,26.2,63.3,0,0,0,96.2,92.6,1,12.7,1,1,47.3,0,44,0.473,1,78,Medium
1283,6,18,5.97,22.4,80.6,0,2,1,82.0,84.5,0,11.4,1,0,34.9,1,103,0.686,1,136,Medium
1284,13,39,50.52,35.1,52.3,0,0,0,58.1,36.0,0,19.9,1,0,40.0,0,84,0.39,0,1,Low
1285,15,30,18.55,29.1,39.8,0,0,0,70.7,74.2,0,11.4,1,0,34.8,0,114,0.384,0,13,Low
1286,9,9,8.7,63.1,36.6,0,0,1,75.5,63.6,1,10.0,1,0,28.5,4,110,0.777,1,199,High
1287,4,12,9.68,20.4,82.3,1,0,1,10.8,11.9,2,16.7,1,0,26.6,0,292,0.617,1,106,Medium
1288,14,42,54.92,21.6,43.7,0,0,1,19.2,21.4,0,7.2,1,0,24.9,0,36,0.533,1,90,Medium
1289,5,10,8.85,26.1,65.3,0,0,1,63.7,54.8,1,30.0,1,0,20.4,2,96,0.485,1,100,Medium
1290,2,4,4.72,35.5,49.7,0,1,1,10.6,0.0,0,14.3,0,0,29.8,2,234,0.98,1,197,High
1291,11,33,10.42,18.6,69.4,0,0,3,91.8,95.9,0,10.6,1,0,26.0,4,293,0.644,1,162,Medium
1292,9,9,22.15,23.2,67.8,0,0,0,54.1,54.1,1,10.4,0,0,29.0,0,88,0.563,1,101,Medium
1293,3,3,8.81,36.9,74.9,0,0,1,33.2,36.1,0,9.8,1,0,22.7,0,80,0.572,1,100,Medium
1294,9,27,26.21,11.4,74.0,1,0,0,45.4,39.1,1,15.5,1,0,32.0,0,284,0.575,1,106,Medium
1295,3,6,6.09,49.6,53.1,0,1,0,86.6,76.7,0,12.9,1,0,38.2,1,161,0.595,1,116,Medium
1296,2,6,3.93,27.9,71.5,3,0,2,93.4,90.2,5,11.1,1,0,53.1,0,264,0.775,1,189,High
1297,12,36,14.33,10.7,88.3,0,0,0,20.5,22.6,1,22.4,1,1,32.1,0,190,0.506,1,78,Medium
1298,10,20,21.57,20.1,62.6,3,0,0,80.0,90.1,0,24.6,1,0,21.1,1,110,0.694,1,196,Medium
1299,9,27,10.51,39.2,73.1,2,1,1,62.0,49.8,0,5.9,1,0,32.7,1,147,0.934,1,203,High
1300,15,45,54.55,11.5,87.9,1,0,0,62.7,74.6,0,10.3,0,0,48.6,0,220,0.469,1,85,Medium
1301,8,24,35.0,26.8,88.9,2,0,1,80.2,90.0,0,9.1,1,0,31.9,3,248,0.8,1,216,High
1302,5,10,21.95,9.8,65.8,0,0,0,30.1,37.9,1,8.4,1,0,30.2,0,185,0.465,1,79,Medium
1303,11,11,44.01,5.0,38.5,0,2,0,57.8,85.3,2,9.0,1,0,52.2,2,181,0.857,1,131,High
1304,2,2,6.05,22.6,57.7,0,1,2,38.7,12.3,0,6.1,1,0,30.4,3,251,0.903,1,218,High
1305,15,30,50.9,7.2,87.0,0,0,1,18.5,47.8,0,18.0,0,0,54.0,0,252,0.562,1,123,Medium
1306,6,6,11.13,40.3,74.8,0,1,1,19.5,9.7,0,10.3,1,0,49.1,0,108,0.752,1,110,High
1307,8,24,25.07,8.6,56.5,1,0,1,22.3,25.9,1,12.3,1,0,43.9,0,194,0.696,1,138,Medium
1308,5,5,12.43,52.8,78.1,0,0,2,65.3,66.0,0,18.1,1,0,40.9,2,253,0.641,1,119,Medium
1309,16,48,41.34,57.4,82.9,0,0,1,19.5,0.0,4,6.0,1,0,27.9,0,217,0.497,1,59,Medium
1310,18,18,64.87,11.4,75.1,0,1,0,61.3,69.2,1,13.0,1,1,45.6,1,228,0.703,1,121,High
1311,6,12,11.06,10.6,50.4,1,0,0,62.9,75.9,4,5.0,1,0,32.1,1,280,0.558,1,107,Medium
1312,5,5,9.88,27.4,77.2,4,0,0,91.4,97.7,0,5.0,1,1,37.0,0,121,0.671,1,193,Medium
1313,16,16,67.54,32.9,74.2,0,0,0,66.4,44.2,1,11.6,0,1,23.6,4,285,0.848,1,206,High
1314,13,13,13.1,19.7,73.6,0,1,0,98.7,80.1,2,11.3,1,0,30.4,2,49,0.542,1,137,Medium
1315,5,10,12.98,43.6,95.9,0,0,0,12.8,2.3,1,6.0,1,1,38.5,0,49,0.585,1,94,Medium
1316,13,13,54.31,12.1,87.6,1,0,2,73.4,92.5,0,20.9,0,1,36.4,0,15,0.714,1,144,High
1317,17,34,51.99,15.6,53.9,0,0,1,12.4,13.8,5,2.7,0,0,32.0,0,61,0.693,1,115,Medium
1318,18,54,50.79,44.4,50.1,3,0,0,75.6,45.6,3,5.9,1,0,36.5,2,123,0.827,1,225,High
1319,8,8,13.79,14.1,87.6,0,0,1,44.7,75.7,0,9.1,1,0,46.1,0,125,0.416,0,2,Medium
1320,13,26,26.91,29.5,93.0,0,0,1,65.0,87.5,1,7.7,1,0,36.1,4,259,0.509,1,138,Medium
1321,19,38,75.1,17.9,80.5,4,3,0,37.9,21.6,0,5.5,1,0,37.7,0,288,0.98,1,232,High
1322,3,3,8.61,25.8,78.1,3,0,1,24.3,18.2,3,33.6,1,1,44.5,0,40,0.978,1,223,High
1323,8,24,21.64,74.2,45.6,1,0,0,75.1,70.8,1,18.5,1,0,49.5,1,160,0.685,1,119,Medium
1324,2,4,2.34,16.6,52.9,0,0,1,91.4,99.2,0,10.1,1,1,38.4,0,55,0.42,0,3,Medium
1325,8,8,6.87,39.6,90.7,1,0,0,26.5,29.5,0,22.2,1,0,53.2,2,224,0.691,1,157,Medium
1326,13,39,56.75,19.2,73.9,0,0,1,92.9,82.7,0,20.4,1,0,32.4,0,57,0.363,0,4,Low
1327,13,26,28.53,56.5,74.7,0,1,1,22.6,42.3,0,7.8,1,0,28.8,4,238,0.966,1,218,High
1328,1,2,3.03,20.5,59.5,0,0,1,76.2,100.0,0,10.5,1,0,44.3,2,264,0.494,1,108,Medium
1329,6,18,6.57,39.4,71.3,0,1,1,96.4,95.7,1,11.5,1,1,26.2,2,169,0.726,1,148,High
1330,19,57,63.22,7.4,94.9,1,0,1,23.3,14.7,2,18.1,1,0,51.5,0,191,0.604,1,132,Medium
1331,16,16,68.01,22.0,84.4,0,3,0,49.2,73.1,1,15.1,1,0,33.5,1,191,0.668,1,100,Medium
1332,8,8,23.44,44.3,78.4,3,0,1,40.4,7.5,1,10.6,1,1,44.4,0,226,0.98,1,200,High
1333,1,2,1.27,53.6,52.0,0,0,2,45.0,31.6,0,8.1,1,0,40.0,4,202,0.843,1,188,High
1334,16,48,47.24,25.7,84.1,0,0,2,77.8,92.5,0,11.2,1,0,21.9,0,101,0.329,0,4,Low
1335,9,27,32.72,27.9,78.0,1,2,4,69.5,90.4,1,5.4,1,0,44.8,0,218,0.98,1,186,High
1336,13,39,29.95,26.2,75.2,2,0,0,97.2,92.4,0,6.6,1,0,47.7,3,131,0.768,1,206,High
1337,11,22,44.61,43.5,63.8,3,0,0,26.7,60.9,0,9.9,1,0,54.4,0,241,0.854,1,203,High
1338,13,39,41.6,31.9,64.5,1,0,1,58.9,22.2,0,10.8,1,0,34.6,0,76,0.663,1,136,Medium
1339,10,30,41.27,26.1,33.8,0,1,0,50.4,66.8,1,28.4,0,0,37.6,1,114,0.821,1,152,High
1340,4,8,12.43,28.5,25.0,4,0,0,92.7,94.0,2,6.8,1,0,50.6,2,184,0.776,1,247,High
1341,6,6,7.71,33.1,96.1,2,0,1,11.0,3.7,1,3.1,0,0,29.4,0,170,0.98,1,198,High
1342,7,7,13.62,22.9,64.4,0,1,0,99.0,100.0,0,8.5,0,1,26.6,3,51,0.819,1,181,High
1343,5,10,7.73,14.8,75.2,1,1,0,53.2,47.3,2,7.6,0,0,24.7,0,290,0.801,1,154,High
1344,11,33,45.79,32.6,65.9,1,0,3,66.3,50.0,0,9.8,1,0,54.2,2,49,0.766,1,167,High
1345,13,26,46.98,40.7,79.7,0,3,0,42.4,44.1,1,8.8,1,0,29.5,0,276,0.828,1,130,High
1346,19,19,62.75,24.1,85.6,4,0,0,86.7,85.9,0,10.7,0,1,46.5,0,33,0.886,1,227,High
1347,10,10,19.14,8.4,89.5,0,0,0,60.6,48.9,3,18.1,1,1,35.7,2,22,0.478,1,94,Medium
1348,10,20,14.81,40.7,76.8,1,0,2,69.7,61.1,2,12.7,1,0,28.4,0,286,0.644,1,114,Medium
1349,11,22,39.59,29.6,47.0,0,0,1,68.4,62.2,1,7.5,0,0,52.0,0,38,0.623,1,96,Medium
1350,7,7,17.88,23.6,58.7,0,1,0,42.8,18.4,1,3.0,1,0,36.2,0,155,0.602,1,96,Medium
1351,18,36,29.44,39.7,50.9,1,1,0,16.8,0.0,1,15.2,1,0,39.8,1,133,0.887,1,176,High
1352,4,4,12.33,13.2,93.2,0,0,1,82.7,96.7,0,18.5,1,0,27.8,0,23,0.207,0,13,Low
1353,2,4,1.9,40.3,32.6,0,0,0,36.1,14.7,1,8.8,0,1,31.3,0,182,0.858,1,138,High
1354,14,28,28.1,13.6,74.5,3,0,4,86.4,86.1,1,26.5,0,0,46.2,0,277,0.98,1,213,High
1355,13,26,32.94,13.5,77.7,1,0,1,64.8,36.8,1,14.9,1,0,32.0,0,222,0.457,1,84,Medium
1356,12,12,16.17,1.5,40.0,1,0,0,41.8,64.4,0,12.4,0,0,37.7,1,74,0.737,1,153,High
1357,7,14,31.1,14.1,55.4,0,1,2,63.5,59.5,0,10.3,1,1,24.0,2,65,0.852,1,173,High
1358,2,2,3.15,30.0,79.3,0,0,0,68.1,84.9,1,18.7,1,0,49.8,1,54,0.347,0,7,Low
1359,13,13,16.67,14.0,62.6,1,0,0,73.6,100.0,1,25.6,1,1,45.8,0,281,0.501,1,76,Medium
1360,14,28,21.74,45.5,78.1,2,0,0,84.0,64.7,0,24.8,1,0,46.6,1,30,0.693,1,153,Medium
1361,17,34,61.97,12.1,59.5,0,0,2,24.4,14.2,0,11.4,1,1,26.2,0,295,0.632,1,112,Medium
1362,9,9,21.37,23.4,91.0,1,0,0,95.0,100.0,1,24.7,1,0,37.3,2,216,0.457,1,119,Medium
1363,17,17,49.16,34.8,87.2,0,0,0,47.0,37.5,0,7.3,1,0,21.0,1,98,0.381,0,8,Low
1364,8,24,7.02,34.2,77.9,0,0,0,87.4,91.8,0,17.1,1,0,31.0,0,79,0.263,0,16,Low
1365,2,2,1.85,52.5,79.5,0,0,2,29.8,31.3,1,6.8,1,0,32.2,0,174,0.585,1,105,Medium
1366,13,39,31.84,23.3,45.0,0,0,0,12.6,0.0,0,16.0,0,0,52.0,1,118,0.749,1,120,High
1367,3,9,11.46,61.8,91.1,0,0,0,61.6,75.8,2,16.0,1,0,54.7,1,190,0.495,1,80,Medium
1368,16,48,65.21,20.5,40.5,1,0,1,39.2,37.1,0,8.8,1,0,41.6,0,68,0.647,1,159,Medium
1369,6,12,6.72,13.2,82.3,0,1,1,98.6,80.7,2,7.4,1,1,38.1,0,139,0.602,1,85,Medium
1370,19,38,53.05,31.7,73.9,1,0,2,19.4,42.6,1,23.3,1,0,35.4,1,89,0.634,1,151,Medium
1371,7,7,29.25,18.5,41.2,1,0,0,14.3,3.8,0,5.8,1,0,20.6,0,136,0.657,1,143,Medium
1372,10,30,22.35,20.3,92.1,1,0,2,14.1,2.7,3,4.7,1,1,48.0,1,55,0.759,1,138,High
1373,9,18,34.82,33.4,46.0,0,0,1,29.5,2.5,1,14.4,1,0,43.5,0,75,0.65,1,93,Medium
1374,2,4,2.59,13.1,63.9,0,0,0,62.1,71.0,3,11.2,1,0,42.7,0,149,0.413,0,2,Medium
1375,15,30,63.91,6.3,67.9,1,0,2,55.5,56.1,1,14.2,1,0,48.3,0,116,0.594,1,98,Medium
1376,5,10,17.9,12.9,71.7,0,1,1,41.5,15.4,1,7.7,1,1,52.5,1,67,0.868,1,140,High
1377,4,8,17.13,64.9,67.0,2,0,1,18.0,21.7,1,8.2,1,0,33.6,0,242,0.871,1,177,High
1378,4,12,13.21,32.0,89.0,0,0,3,31.0,43.4,0,11.4,0,1,34.9,1,114,0.922,1,160,High
1379,18,54,38.6,15.2,67.3,0,0,1,26.6,33.5,3,11.5,1,0,54.1,1,49,0.574,1,119,Medium
1380,4,12,17.09,35.1,78.0,1,0,0,77.1,97.0,1,11.0,1,0,43.3,1,273,0.492,1,120,Medium
1381,17,51,30.93,42.3,59.3,3,0,2,80.2,71.1,1,25.3,1,0,49.8,4,153,0.98,1,279,High
1382,12,12,24.35,9.2,63.5,0,2,0,79.9,100.0,3,26.6,1,0,27.8,2,144,0.729,1,144,High
1383,17,51,57.68,38.5,55.6,0,0,1,97.2,97.3,5,5.5,1,1,31.1,1,120,0.544,1,89,Medium
1384,10,20,36.32,32.3,68.5,2,1,0,89.6,100.0,0,14.4,0,1,33.7,1,113,0.98,1,226,High
1385,1,3,4.24,33.9,87.4,0,0,0,54.8,74.0,2,6.2,1,1,31.1,0,276,0.517,1,84,Medium
1386,18,18,28.04,16.3,77.1,0,0,1,47.3,87.0,1,29.4,1,0,50.9,3,35,0.614,1,151,Medium
1387,18,36,67.55,17.8,55.3,0,0,1,92.4,76.2,1,8.3,1,0,37.9,2,238,0.502,1,113,Medium
1388,14,42,49.46,48.5,82.7,0,0,1,65.0,53.9,4,9.8,1,0,53.4,1,197,0.593,1,111,Medium
1389,15,45,15.54,25.7,46.3,1,0,2,36.5,39.3,2,18.5,1,0,31.2,0,205,0.679,1,129,Medium
1390,12,36,26.79,23.8,70.7,0,0,0,60.8,55.2,1,6.6,1,1,21.3,1,212,0.528,1,99,Medium
1391,4,8,7.38,22.1,81.9,2,1,1,99.3,87.3,0,4.6,1,1,24.8,0,259,0.883,1,179,High
1392,3,6,5.78,47.2,35.8,1,3,2,86.5,63.6,1,6.5,1,1,27.6,0,23,0.98,1,169,High
1393,12,12,53.24,32.8,90.0,4,0,1,35.3,37.2,1,20.3,1,0,42.4,1,137,0.944,1,252,High
1394,7,14,22.25,25.8,52.7,0,0,1,95.8,100.0,0,9.2,1,1,26.3,3,46,0.671,1,165,Medium
1395,11,22,38.01,18.0,76.7,0,0,0,98.3,100.0,1,19.5,1,0,33.4,0,126,0.247,0,1,Low
1396,1,3,4.41,2.5,73.9,3,0,1,30.8,6.4,0,11.7,1,0,47.8,0,226,0.781,1,204,High
1397,6,12,13.17,25.1,92.7,0,1,1,90.6,66.5,1,3.9,1,0,24.4,0,273,0.424,0,28,Medium
1398,15,45,56.5,6.6,88.9,1,0,0,89.5,90.4,1,7.6,1,1,22.8,3,291,0.533,1,176,Medium
1399,15,45,36.12,26.9,50.8,0,0,1,13.6,10.0,0,13.4,1,0,38.9,1,130,0.702,1,132,High
1400,19,38,76.33,9.1,87.4,1,0,0,70.3,65.5,2,2.5,1,0,44.4,1,252,0.444,0,3,Medium
1401,11,11,16.15,21.8,81.4,3,0,3,37.5,33.3,0,14.8,1,0,51.9,1,189,0.98,1,254,High
1402,2,2,8.61,26.1,86.4,0,0,2,70.7,63.2,1,4.6,1,1,43.2,1,35,0.595,1,98,Medium
1403,14,28,22.53,57.1,47.9,0,1,0,92.2,94.4,1,7.9,1,1,53.1,0,159,0.616,1,101,Medium
1404,2,2,4.01,36.0,75.6,0,0,0,54.9,71.4,2,25.5,1,0,28.6,0,54,0.352,0,13,Low
1405,4,12,14.39,36.3,91.5,0,0,1,47.3,33.3,2,25.8,1,1,32.0,2,72,0.602,1,127,Medium
1406,17,51,38.37,21.7,89.5,0,0,1,92.9,99.7,0,15.7,1,0,49.4,0,129,0.321,0,0,Low
1407,3,6,9.15,29.4,76.5,1,0,3,97.7,98.9,0,12.6,1,0,48.4,0,56,0.624,1,112,Medium
1408,13,13,31.78,26.6,93.9,0,0,0,15.6,0.0,1,8.2,1,0,43.3,1,50,0.484,1,86,Medium
1409,9,9,31.92,8.9,72.7,0,1,0,93.1,83.3,1,3.8,1,0,37.7,0,267,0.481,1,91,Medium
1410,7,21,11.51,23.9,78.9,0,1,3,17.4,17.6,0,3.5,1,0,20.6,0,66,0.832,1,120,High
1411,15,30,15.24,21.1,74.2,0,0,0,40.4,72.9,0,11.7,1,1,29.8,0,24,0.433,0,11,Medium
1412,11,11,21.01,21.6,49.4,0,1,1,78.6,67.7,0,9.6,1,1,25.5,1,166,0.762,1,145,High
1413,2,4,5.11,54.7,82.5,1,0,0,79.9,70.7,0,8.6,1,0,21.8,0,162,0.46,1,81,Medium
1414,15,15,21.33,37.9,64.9,2,2,2,75.3,81.5,1,22.3,1,0,47.2,0,66,0.98,1,202,High
1415,14,42,29.58,58.3,64.7,0,0,0,13.5,11.8,1,6.5,1,0,24.6,1,261,0.635,1,129,Medium
1416,11,33,25.08,42.8,75.1,0,0,1,22.0,3.1,1,41.3,1,0,32.5,1,284,0.614,1,117,Medium
1417,3,6,3.04,31.6,67.7,1,3,1,94.3,68.3,0,38.7,1,0,54.2,0,87,0.837,1,167,High
1418,17,51,50.29,23.7,87.5,0,0,3,17.3,0.0,3,18.2,1,1,34.3,0,264,0.735,1,117,High
1419,12,12,48.86,9.4,71.7,0,1,0,17.1,29.9,1,9.6,0,0,25.0,3,176,0.877,1,175,High
1420,15,45,20.42,23.7,65.3,1,0,0,85.2,69.7,0,3.2,0,0,44.1,0,98,0.591,1,112,Medium
1421,16,32,48.19,23.8,78.3,0,1,0,67.7,100.0,0,17.8,1,0,48.3,1,126,0.481,1,75,Medium
1422,5,10,16.3,38.9,92.0,0,0,2,41.6,33.7,1,34.9,0,1,29.8,3,117,0.915,1,219,High
1423,6,12,14.11,27.5,73.1,4,0,1,24.9,36.5,1,45.2,1,0,48.3,0,26,0.863,1,217,High
1424,19,19,64.49,7.5,88.4,0,0,1,89.6,72.2,1,6.7,1,0,29.5,0,241,0.262,0,3,Low
1425,5,5,11.6,52.4,72.1,2,0,0,99.0,100.0,3,18.6,1,0,44.3,0,246,0.622,1,131,Medium
1426,3,3,8.0,1.8,55.7,0,1,1,14.5,35.7,2,5.3,1,0,24.4,0,151,0.644,1,100,Medium
1427,1,1,0.83,42.7,47.3,2,0,0,59.9,54.7,2,3.3,1,1,35.0,0,65,0.86,1,162,High
1428,6,6,20.16,19.6,27.4,0,1,0,33.5,17.2,0,21.9,1,0,38.2,1,51,0.746,1,118,High
1429,15,45,48.7,55.1,98.6,0,0,2,84.9,79.3,0,8.3,1,1,45.4,1,164,0.525,1,94,Medium
1430,2,2,1.88,18.5,75.6,1,2,0,41.1,37.9,0,9.7,1,0,42.8,2,151,0.937,1,206,High
1431,3,3,6.49,19.8,40.5,2,0,1,74.3,59.5,1,9.6,1,0,49.9,0,130,0.718,1,166,High
1432,17,51,75.18,19.3,56.7,0,0,2,58.6,83.4,0,1.3,1,1,26.5,1,77,0.664,1,134,Medium
1433,12,12,28.28,10.7,57.0,1,0,3,58.7,59.0,2,9.7,1,1,43.1,0,297,0.741,1,131,High
1434,18,36,47.83,34.1,76.6,0,3,1,87.2,100.0,0,24.5,1,0,24.5,0,130,0.711,1,81,High
1435,15,15,62.5,22.8,82.7,1,0,0,52.3,68.4,0,8.9,1,0,36.7,0,298,0.484,1,118,Medium
1436,12,12,41.45,16.7,68.8,1,0,1,86.1,100.0,0,13.2,1,0,38.4,1,49,0.463,1,106,Medium
1437,16,32,47.26,35.7,71.7,0,0,0,42.7,23.8,0,3.9,0,1,21.0,2,180,0.78,1,149,High
1438,8,16,30.02,46.0,74.9,0,0,0,25.7,35.4,0,17.6,1,1,22.5,2,110,0.67,1,152,Medium
1439,14,28,55.97,20.5,91.8,0,1,1,51.0,43.4,0,8.4,1,0,49.4,0,183,0.568,1,87,Medium
1440,17,34,42.34,12.0,82.4,3,0,2,54.9,52.8,0,6.4,1,0,30.0,0,198,0.8,1,193,High
1441,8,8,20.46,18.5,37.4,0,0,0,53.1,36.9,1,6.3,1,0,32.1,0,151,0.464,1,77,Medium
1442,15,30,33.43,27.9,84.8,1,1,0,82.7,100.0,0,33.4,1,1,42.4,0,65,0.692,1,115,Medium
1443,14,28,61.28,14.9,79.5,0,0,1,60.8,49.8,0,2.5,1,0,27.7,0,242,0.41,0,4,Medium
1444,18,54,60.83,25.5,83.1,1,1,0,90.0,99.8,0,16.1,1,0,26.8,0,91,0.557,1,106,Medium
1445,7,14,7.76,45.8,68.0,1,0,1,56.3,37.0,3,2.9,1,1,34.8,0,240,0.746,1,139,High
1446,3,6,11.98,37.3,93.4,1,2,0,30.2,26.4,1,16.2,1,0,22.1,0,222,0.915,1,158,High
1447,12,36,30.94,24.2,75.0,2,0,0,21.7,37.6,5,7.0,1,0,52.1,0,177,0.673,1,140,Medium
1448,3,9,3.16,19.4,65.5,0,0,1,88.2,93.4,1,16.0,1,0,52.9,1,30,0.424,0,9,Medium
1449,14,14,39.68,22.5,67.7,0,0,2,15.1,1.0,4,10.5,1,0,35.7,1,182,0.628,1,106,Medium
1450,15,45,35.15,27.5,77.1,4,0,1,20.6,9.9,0,13.6,1,0,27.3,3,22,0.98,1,292,High
1451,14,14,56.67,18.0,86.1,0,0,2,15.7,18.1,0,12.4,1,0,36.5,0,175,0.555,1,92,Medium
1452,7,21,10.88,14.5,73.4,1,0,0,48.1,47.8,1,12.3,1,0,23.5,0,236,0.501,1,93,Medium
1453,17,51,65.58,15.0,61.5,1,0,2,57.9,38.2,5,3.2,1,0,33.9,0,180,0.577,1,119,Medium
1454,12,12,34.36,31.1,79.1,1,0,0,11.8,6.1,2,6.1,1,0,22.6,0,244,0.552,1,124,Medium
1455,4,12,4.01,18.0,72.0,0,3,2,56.4,54.2,1,18.7,1,0,44.7,1,34,0.844,1,152,High
1456,9,9,39.56,47.4,75.9,0,0,1,45.4,53.9,0,8.0,1,0,29.6,0,66,0.491,1,61,Medium
1457,6,18,16.18,23.6,54.3,1,0,0,79.6,94.8,0,10.3,1,0,38.2,1,80,0.568,1,144,Medium
1458,16,32,30.02,37.7,75.5,0,0,0,84.7,94.8,0,5.7,1,0,20.5,1,289,0.323,0,3,Low
1459,2,6,5.07,20.5,83.2,1,0,1,71.6,76.7,0,6.6,1,1,38.4,1,247,0.597,1,145,Medium
1460,8,8,31.79,38.9,93.4,0,0,0,52.6,58.0,0,30.3,1,0,20.1,1,290,0.353,0,4,Low
1461,11,33,21.21,25.1,44.1,0,3,3,29.5,36.7,0,25.5,1,0,52.4,1,156,0.98,1,177,High
1462,13,13,19.67,9.5,56.6,0,1,0,86.2,100.0,2,16.1,1,0,37.5,1,136,0.543,1,103,Medium
1463,17,17,21.72,11.8,83.8,3,0,0,40.8,66.2,0,17.1,0,0,23.5,1,219,0.907,1,221,High
1464,8,16,15.22,27.7,79.7,0,0,0,42.1,27.5,0,14.0,1,1,31.9,1,105,0.522,1,84,Medium
1465,18,36,66.35,17.2,81.9,1,0,0,92.4,85.7,0,11.5,1,0,21.6,0,136,0.305,0,19,Low
1466,18,18,45.81,5.1,67.0,3,0,1,97.8,100.0,0,31.4,0,0,38.6,0,201,0.793,1,176,High
1467,14,42,22.98,23.8,76.6,1,0,1,90.8,75.9,0,8.3,1,0,24.3,0,94,0.528,1,80,Medium
1468,15,15,21.22,73.6,47.9,3,1,2,99.8,80.4,0,6.9,1,1,36.6,0,170,0.98,1,201,High
1469,6,6,12.19,34.5,80.0,0,0,0,88.2,78.6,3,8.9,1,0,30.7,2,273,0.34,0,2,Low
1470,11,33,47.05,12.7,57.5,2,2,3,73.4,74.5,0,8.8,1,0,46.7,0,141,0.98,1,169,High
1471,13,39,26.9,46.1,83.5,0,0,0,36.4,29.2,0,19.0,1,1,36.9,0,18,0.507,1,69,Medium
1472,1,3,4.46,47.1,50.9,2,0,3,95.8,100.0,1,7.2,1,0,49.7,0,227,0.845,1,172,High
1473,6,18,15.57,28.0,67.5,2,1,0,88.9,84.6,0,11.3,1,1,52.9,2,83,0.974,1,216,High
1474,9,9,13.17,27.2,68.9,0,0,1,31.7,26.5,0,14.6,1,0,53.9,0,245,0.505,1,76,Medium
1475,8,8,32.78,11.0,99.4,0,0,1,54.0,29.0,0,12.5,1,0,29.1,0,293,0.327,0,18,Low
1476,11,22,27.54,13.7,99.5,1,0,0,16.3,25.3,0,5.2,1,0,46.9,1,74,0.58,1,139,Medium
1477,19,19,65.09,41.0,47.9,0,0,0,95.8,100.0,1,14.5,1,0,35.3,1,297,0.449,0,2,Medium
1478,9,27,39.96,27.9,76.2,1,0,1,61.5,58.7,2,13.1,1,0,34.9,1,133,0.664,1,137,Medium
1479,17,34,16.76,46.3,69.8,0,0,0,32.1,34.3,0,16.0,1,0,50.4,2,282,0.607,1,100,Medium
1480,12,36,13.89,6.8,42.4,2,0,1,36.3,38.5,1,15.3,1,0,25.1,1,152,0.862,1,199,High
1481,14,14,48.52,31.8,88.0,0,1,1,98.3,100.0,0,15.8,1,0,36.7,0,63,0.437,0,3,Medium
1482,15,30,27.64,14.3,82.8,1,0,1,65.4,68.7,0,2.0,1,0,40.8,0,244,0.476,1,100,Medium
1483,16,48,23.71,42.5,63.6,0,0,4,47.9,27.9,0,6.3,1,0,22.3,4,234,0.816,1,186,High
1484,1,2,0.95,18.7,61.4,0,0,0,55.0,83.6,1,20.2,1,0,50.3,0,49,0.336,0,1,Low
1485,10,20,8.81,2.8,88.3,0,0,0,18.9,38.2,0,7.1,1,0,31.0,0,196,0.3,0,17,Low
1486,8,8,29.32,31.4,75.7,0,0,0,16.8,17.5,1,21.0,1,0,43.0,1,134,0.589,1,116,Medium
1487,18,54,23.35,32.8,77.5,0,0,1,63.3,65.6,2,8.7,0,0,52.5,1,290,0.618,1,119,Medium
1488,1,2,2.53,65.4,81.0,2,0,3,56.1,60.4,2,7.7,0,1,45.2,0,282,0.98,1,199,High
1489,2,4,6.08,30.1,91.1,0,0,4,42.3,30.7,0,8.9,1,0,51.0,0,273,0.53,1,79,Medium
1490,1,3,2.38,4.8,87.6,1,1,3,61.0,77.7,0,56.1,1,0,22.4,0,272,0.658,1,115,Medium
1491,1,2,0.9,47.5,42.7,0,1,2,16.5,31.7,0,10.7,1,1,37.2,1,292,0.98,1,160,High
1492,9,18,33.29,21.2,65.6,0,0,4,95.0,93.7,3,18.0,1,0,39.8,0,251,0.465,1,66,Medium
1493,13,26,10.91,15.6,61.8,0,0,0,36.4,46.5,2,41.6,1,0,44.1,0,258,0.499,1,84,Medium
1494,1,3,3.62,37.5,88.7,1,0,3,16.5,32.2,2,14.9,1,0,24.1,1,23,0.795,1,159,High
1495,13,39,53.37,25.3,52.7,0,0,2,25.3,28.7,1,30.3,0,1,43.0,3,268,0.965,1,174,High
1496,7,21,16.81,19.5,68.8,0,0,0,18.6,3.1,1,20.0,0,1,25.1,2,287,0.817,1,191,High
1497,2,6,5.56,18.3,90.6,0,2,0,26.1,36.4,0,16.2,1,1,22.4,2,156,0.922,1,175,High
1498,6,6,15.39,12.5,39.9,0,0,0,47.5,48.3,2,5.0,1,0,36.4,0,258,0.429,0,12,Medium
1499,7,14,15.68,52.9,77.2,0,2,2,76.4,60.0,2,9.6,1,0,41.0,3,118,0.98,1,196,High
1500,14,42,57.17,17.8,70.1,0,0,1,34.5,50.0,0,15.0,1,0,53.5,1,200,0.451,1,84,Medium
1501,18,36,73.94,46.3,80.9,0,0,0,49.2,52.8,0,7.8,1,0,44.5,2,50,0.455,1,113,Medium
1502,15,30,30.64,50.1,80.9,1,0,1,93.6,90.2,2,15.6,1,0,40.7,0,175,0.566,1,106,Medium
1503,2,2,6.15,33.3,47.1,0,0,0,36.6,67.7,0,10.5,1,0,27.5,0,78,0.528,1,89,Medium
1504,10,30,42.3,15.2,89.0,0,0,2,81.5,73.3,2,6.5,1,0,25.3,0,155,0.345,0,3,Low
1505,12,36,52.32,18.3,83.1,0,0,2,24.2,10.1,0,18.0,1,1,41.3,2,176,0.666,1,130,Medium
1506,17,34,45.61,43.9,56.8,1,0,4,26.0,28.3,0,13.9,1,0,27.8,0,147,0.898,1,182,High
1507,8,24,19.8,6.0,53.9,0,1,0,51.1,48.8,1,16.1,1,1,44.7,2,125,0.723,1,131,High
1508,11,22,20.14,4.0,31.9,1,1,3,31.1,22.7,1,12.6,1,0,24.0,0,214,0.974,1,169,High
1509,3,6,13.04,12.6,60.7,1,0,0,91.3,100.0,0,8.5,1,0,31.9,0,288,0.376,0,28,Low
1510,6,6,7.97,42.2,74.7,1,0,1,14.6,0.0,3,11.1,0,1,47.1,1,103,0.98,1,187,High
1511,9,9,26.51,63.9,93.5,0,2,1,63.8,68.4,5,8.0,1,0,49.1,1,32,0.835,1,130,High
1512,6,6,11.07,32.8,69.2,0,1,1,64.4,65.7,1,27.4,1,1,32.1,0,290,0.759,1,128,High
1513,9,18,16.49,53.4,66.0,0,0,4,15.9,15.7,1,14.1,1,0,27.2,2,274,0.859,1,166,High
1514,7,21,16.09,31.6,55.9,2,1,1,75.9,93.2,1,11.3,1,1,53.5,2,36,0.98,1,232,High
1515,9,9,40.46,47.5,82.7,1,0,3,52.2,83.0,1,10.0,1,0,46.6,0,231,0.704,1,133,High
1516,18,54,18.06,21.4,85.2,0,0,0,75.1,75.1,3,6.2,1,0,48.2,2,215,0.402,0,3,Medium
1517,12,12,35.29,35.9,80.6,3,0,0,84.4,97.7,0,14.5,1,1,27.8,0,279,0.683,1,172,Medium
1518,8,8,8.84,40.0,38.1,0,0,1,39.1,39.7,0,5.4,1,0,34.9,1,201,0.647,1,133,Medium
1519,8,16,10.97,17.7,86.8,0,1,0,53.6,54.8,3,24.3,1,0,22.4,0,277,0.534,1,79,Medium
1520,18,18,43.67,12.5,82.9,0,0,4,33.5,40.3,0,17.4,1,0,23.8,0,80,0.556,1,78,Medium
1521,15,15,40.33,28.0,95.5,0,0,1,28.1,30.6,2,7.0,1,1,27.7,0,111,0.574,1,89,Medium
1522,7,14,12.3,7.0,73.0,2,1,1,10.1,0.0,0,24.6,0,0,30.6,0,107,0.98,1,194,High
1523,11,33,21.68,25.0,87.3,2,1,2,96.7,100.0,4,10.7,1,0,54.9,0,174,0.836,1,169,High
1524,16,16,17.95,42.3,74.8,1,0,1,49.7,56.4,2,16.8,1,1,34.8,0,271,0.693,1,145,Medium
1525,4,8,7.69,60.6,76.9,0,0,0,11.2,10.5,3,10.5,1,1,44.4,1,131,0.645,1,121,Medium
1526,6,6,26.26,15.2,77.1,1,0,1,10.8,1.4,4,10.7,1,0,51.7,0,194,0.653,1,144,Medium
1527,3,6,12.89,44.6,58.1,1,0,1,36.0,40.4,0,20.9,1,1,28.6,0,49,0.827,1,155,High
1528,9,27,18.35,6.0,60.0,0,0,4,11.3,7.7,0,11.5,1,0,25.1,0,34,0.595,1,99,Medium
1529,10,30,29.12,62.4,66.4,0,0,0,43.7,46.4,1,8.8,1,0,28.5,0,229,0.556,1,115,Medium
1530,14,28,58.32,15.5,93.7,1,0,1,15.7,12.9,2,7.7,1,0,50.9,0,67,0.585,1,117,Medium
1531,11,22,9.05,40.2,81.7,2,1,0,13.5,1.0,0,10.1,1,0,43.3,0,154,0.98,1,193,High
1532,18,36,68.39,11.9,68.7,1,1,0,70.2,94.4,3,32.7,1,1,35.8,2,150,0.858,1,176,High
1533,12,36,51.71,18.2,65.0,0,0,1,91.6,77.4,0,13.9,1,0,48.7,0,183,0.43,0,3,Medium
1534,12,12,13.65,28.5,41.5,0,0,0,46.8,35.1,2,6.7,1,0,28.3,0,136,0.532,1,80,Medium
1535,13,39,18.17,29.1,93.8,2,1,1,85.3,95.5,1,13.7,0,0,28.4,0,153,0.885,1,178,High
1536,13,26,56.61,31.9,71.0,2,0,1,12.6,17.2,1,24.4,1,0,39.9,0,40,0.875,1,155,High
1537,19,38,52.99,34.1,70.8,0,0,0,80.0,89.9,0,24.8,1,0,47.7,0,229,0.304,0,4,Low
1538,19,57,16.2,19.7,90.3,1,0,1,15.7,23.2,0,15.0,1,1,29.1,1,52,0.71,1,115,High
1539,14,28,24.55,12.7,95.5,2,0,0,85.5,74.2,0,19.6,1,0,27.4,1,147,0.518,1,153,Medium
1540,4,12,9.86,8.0,69.5,2,0,2,89.4,99.4,0,11.5,1,1,36.6,0,211,0.783,1,142,High
1541,13,26,43.73,74.3,33.7,1,0,0,80.7,71.1,1,9.9,1,0,24.7,0,126,0.63,1,123,Medium
1542,8,8,28.1,26.6,49.1,0,0,0,83.9,99.7,2,7.1,1,0,46.2,0,157,0.309,0,0,Low
1543,19,19,85.18,4.9,77.4,1,2,1,60.5,45.5,0,7.8,0,0,40.2,0,42,0.98,1,192,High
1544,12,24,22.37,51.4,35.8,0,2,4,33.8,21.9,0,11.4,1,0,37.9,0,161,0.98,1,158,High
1545,18,54,50.25,35.0,93.2,2,2,2,67.9,56.4,3,18.8,1,0,50.5,2,95,0.98,1,225,High
1546,6,6,16.64,44.1,67.3,0,1,0,49.6,54.3,2,12.0,1,0,45.6,1,29,0.632,1,119,Medium
1547,18,54,41.42,12.4,61.9,1,0,0,10.5,9.7,0,7.9,1,1,25.2,2,283,0.784,1,169,High
1548,19,38,27.09,33.3,91.2,1,0,1,52.9,54.6,2,21.5,1,1,34.7,0,229,0.638,1,115,Medium
1549,5,15,22.08,36.7,83.5,1,0,2,68.6,66.8,5,23.4,1,0,31.2,1,37,0.62,1,136,Medium
1550,9,9,35.62,39.4,85.4,1,0,0,11.2,10.4,3,8.3,0,0,48.1,0,204,0.789,1,142,High
1551,3,9,7.93,79.7,84.8,0,0,1,65.9,58.7,2,10.9,0,0,45.2,2,295,0.746,1,157,High
1552,10,30,30.32,67.4,78.2,1,0,0,68.7,46.0,1,5.1,1,0,36.5,0,174,0.584,1,102,Medium
1553,19,38,31.18,6.5,90.9,0,3,0,24.2,3.3,0,19.1,1,1,48.8,0,163,0.891,1,154,High
1554,3,6,8.44,39.2,93.4,0,0,1,48.8,36.8,1,3.5,1,0,34.4,0,298,0.373,0,6,Low
1555,15,30,50.57,12.4,95.2,4,0,0,96.8,92.0,1,11.8,1,1,48.1,0,105,0.638,1,182,Medium
1556,1,1,2.71,10.4,51.5,1,0,0,89.6,100.0,0,13.4,1,0,21.1,1,130,0.436,0,1,Medium
1557,7,7,31.25,10.0,46.4,1,0,0,47.0,31.7,0,8.2,1,0,24.7,0,233,0.527,1,114,Medium
1558,12,24,36.74,5.0,74.0,0,2,1,41.5,25.1,0,7.9,1,0,46.5,1,154,0.918,1,185,High
1559,17,34,36.93,22.0,64.1,1,0,0,21.2,0.0,1,16.6,0,0,24.0,2,34,0.929,1,193,High
1560,5,5,18.28,18.6,25.2,1,0,1,13.2,20.7,0,14.4,1,0,43.9,1,99,0.786,1,171,High
1561,4,4,5.72,43.4,81.1,1,2,3,36.8,33.6,1,17.2,1,1,45.3,3,115,0.98,1,220,High
1562,12,12,26.67,27.0,86.3,4,0,0,94.6,75.2,3,4.4,1,0,43.2,0,216,0.676,1,174,Medium
1563,18,18,37.51,54.4,66.0,0,0,1,96.3,95.9,0,25.2,1,0,48.6,0,39,0.435,0,0,Medium
1564,17,34,40.76,38.6,89.6,1,0,2,83.1,74.4,4,26.3,1,0,37.9,0,45,0.514,1,101,Medium
1565,19,19,70.16,11.3,52.1,1,0,0,41.6,61.0,1,13.2,1,0,51.4,0,221,0.505,1,106,Medium
1566,9,18,23.32,47.0,56.1,0,0,0,22.9,12.8,0,9.8,1,0,39.9,2,182,0.653,1,116,Medium
1567,4,12,14.95,28.9,75.8,0,1,0,63.6,89.1,0,11.4,1,0,37.8,1,81,0.621,1,105,Medium
1568,2,6,5.87,27.7,80.0,3,2,1,68.2,70.8,0,23.3,1,1,37.8,1,205,0.98,1,232,High
1569,4,4,8.26,16.4,60.6,0,0,1,48.2,42.3,0,7.8,1,0,51.9,0,25,0.483,1,62,Medium
1570,2,6,7.59,43.5,74.4,0,0,0,72.2,68.3,2,4.2,1,0,28.5,2,179,0.438,0,0,Medium
1571,15,45,25.23,9.8,57.9,0,1,2,77.2,81.6,2,16.6,1,0,44.3,0,154,0.624,1,120,Medium
1572,2,6,3.26,7.0,97.1,0,0,1,80.5,76.5,3,11.9,1,0,28.5,0,276,0.194,0,1,Low
1573,4,4,10.67,3.6,69.7,2,3,0,55.2,41.3,1,22.5,1,0,23.2,3,227,0.98,1,250,High
1574,6,6,10.59,13.0,47.7,0,0,2,81.2,90.7,0,12.4,0,1,53.4,0,61,0.717,1,99,High
1575,7,21,5.84,19.4,95.7,0,0,0,12.3,27.2,0,33.0,1,1,24.5,2,50,0.549,1,110,Medium
1576,10,20,31.99,20.0,65.3,2,0,1,71.2,86.6,1,34.2,1,0,44.0,1,96,0.574,1,158,Medium
1577,19,57,51.13,32.8,80.3,0,0,0,31.2,28.8,1,8.9,0,0,34.9,2,58,0.753,1,134,High
1578,19,19,46.52,68.6,38.0,1,0,1,34.3,50.7,0,3.3,1,0,49.3,0,245,0.726,1,127,High
1579,12,12,52.53,61.9,89.9,2,1,0,18.2,22.9,3,13.5,0,0,47.1,4,101,0.98,1,270,High
1580,3,3,8.74,40.4,66.7,1,0,1,27.3,22.9,1,5.1,1,0,25.0,0,49,0.647,1,116,Medium
1581,13,39,51.93,9.6,67.4,1,1,0,99.3,90.9,2,4.7,1,1,36.4,0,223,0.67,1,103,Medium
1582,18,36,23.69,63.0,75.3,0,0,1,47.4,61.2,1,19.8,0,0,21.0,0,180,0.691,1,103,Medium
1583,8,8,23.25,15.8,85.3,0,0,0,93.5,68.3,0,14.5,1,0,35.0,0,194,0.308,0,1,Low
1584,15,15,60.17,8.8,78.8,0,1,0,24.7,45.5,2,8.0,0,1,44.5,3,16,0.918,1,209,High
1585,1,3,2.96,43.8,56.7,0,3,0,28.4,30.3,0,12.4,1,1,28.1,1,209,0.98,1,170,High
1586,3,6,10.37,55.9,61.3,0,1,0,60.2,51.2,1,13.0,1,0,48.4,1,37,0.664,1,118,Medium
1587,8,24,17.41,36.6,65.4,0,1,1,41.5,30.8,0,14.3,1,0,21.9,0,40,0.64,1,130,Medium
1588,4,4,4.57,14.5,42.3,1,0,4,68.0,61.4,0,21.8,1,1,21.2,1,44,0.86,1,161,High
1589,16,32,39.91,27.7,63.9,0,1,2,48.0,58.6,0,11.6,1,0,21.0,0,289,0.718,1,107,High
1590,10,20,22.6,43.4,66.3,0,0,2,83.0,87.7,0,3.6,0,1,29.8,0,181,0.824,1,144,High
1591,12,12,48.1,17.9,44.2,0,0,0,48.8,41.9,0,26.7,1,0,36.3,1,104,0.473,1,80,Medium
1592,14,28,23.84,10.9,32.3,0,0,0,61.5,53.4,2,11.8,0,0,23.8,2,238,0.657,1,139,Medium
1593,14,28,61.28,38.1,64.8,1,1,1,38.9,43.6,1,7.9,0,0,54.9,0,120,0.98,1,161,High
1594,2,6,8.69,15.4,89.4,1,0,4,73.4,100.0,0,5.2,1,0,55.0,0,42,0.592,1,132,Medium
1595,5,5,8.58,48.6,90.0,2,0,1,68.9,100.0,1,12.9,1,1,38.2,1,141,0.821,1,181,High
1596,5,5,10.44,29.2,85.8,2,0,0,45.7,61.5,2,10.6,1,1,39.9,0,75,0.69,1,142,Medium
1597,6,6,24.68,52.0,83.5,1,0,0,34.8,23.2,0,6.8,1,1,52.4,2,190,0.713,1,153,High
1598,13,13,56.89,43.3,76.7,1,1,0,65.3,76.6,1,20.3,1,0,46.9,2,109,0.782,1,161,High
1599,9,9,21.97,31.7,56.8,0,0,0,94.9,83.7,1,5.9,1,1,25.9,1,110,0.547,1,98,Medium
1600,15,30,29.82,28.2,63.7,0,0,1,21.9,18.5,3,5.6,1,1,47.7,0,155,0.65,1,75,Medium
1601,14,42,38.45,29.4,86.2,2,0,0,81.9,100.0,1,7.8,1,1,28.1,1,100,0.678,1,150,Medium
1602,7,7,23.41,11.4,87.1,0,0,2,58.9,55.2,0,3.1,1,0,35.1,0,137,0.411,0,9,Medium
1603,2,6,3.62,51.7,92.2,0,0,3,57.3,53.1,0,3.6,1,0,38.6,1,230,0.59,1,110,Medium
1604,7,21,24.67,31.6,76.7,0,0,2,96.6,89.0,1,6.0,0,0,45.1,0,122,0.558,1,88,Medium
1605,6,12,5.95,42.0,72.2,0,0,3,64.5,52.2,0,8.9,0,0,25.3,0,193,0.729,1,107,High
1606,17,17,16.7,35.1,68.5,1,0,0,84.7,80.8,3,6.0,0,0,22.7,3,84,0.769,1,206,High
1607,2,4,4.46,23.5,71.1,0,1,4,56.3,67.4,0,13.0,1,0,50.3,0,141,0.745,1,129,High
1608,3,3,6.32,8.3,81.8,0,3,0,32.5,42.7,0,6.5,1,1,48.9,2,220,0.923,1,176,High
1609,5,10,9.84,18.9,95.8,0,0,2,72.5,76.9,0,13.6,1,0,38.3,1,277,0.419,0,1,Medium
1610,5,15,13.08,42.6,66.5,1,0,0,93.1,100.0,1,7.1,1,0,43.2,0,81,0.511,1,95,Medium
1611,1,1,1.99,12.9,37.1,1,1,1,85.7,59.8,1,12.7,1,0,45.2,0,152,0.824,1,144,High
1612,8,24,12.09,16.5,68.0,0,0,0,27.9,28.7,0,25.4,1,1,36.7,2,239,0.553,1,116,Medium
1613,12,36,23.34,6.4,71.6,1,0,0,38.5,27.9,2,14.5,1,0,29.0,1,75,0.534,1,131,Medium
1614,4,8,17.63,18.2,90.0,0,0,3,56.5,86.3,0,3.4,1,0,36.8,0,116,0.367,0,1,Low
1615,13,13,30.17,34.0,85.4,1,1,2,61.4,57.6,0,6.0,0,0,53.3,0,29,0.98,1,192,High
1616,15,45,36.68,10.9,45.6,1,0,1,27.4,38.5,0,4.0,1,0,49.3,1,64,0.757,1,148,High
1617,11,22,32.27,4.7,67.1,3,0,1,30.7,45.7,3,4.5,1,0,36.3,4,274,0.98,1,294,High
1618,10,10,44.38,14.1,47.7,0,0,1,78.3,72.7,2,19.6,0,0,27.9,2,115,0.657,1,131,Medium
1619,3,3,5.08,21.9,76.4,0,0,0,75.7,89.6,1,10.1,0,0,51.1,1,24,0.481,1,100,Medium
1620,14,42,46.49,13.7,85.3,0,0,2,85.5,100.0,0,10.7,1,0,42.3,2,258,0.45,0,1,Medium
1621,16,16,55.19,34.1,76.0,0,0,1,94.0,100.0,1,19.8,1,1,34.2,0,137,0.431,0,2,Medium
1622,10,30,30.47,34.8,58.9,0,1,1,37.7,29.9,1,6.5,1,0,23.9,0,164,0.743,1,102,High
1623,10,10,11.28,5.6,81.8,0,0,3,87.4,65.9,0,12.9,1,1,46.3,0,173,0.606,1,109,Medium
1624,12,24,39.65,1.6,73.2,0,0,1,69.9,100.0,0,16.7,1,0,31.1,4,267,0.555,1,137,Medium
1625,9,27,9.33,26.3,69.0,2,0,1,96.2,91.8,2,9.5,0,0,41.2,2,215,0.971,1,229,High
1626,1,3,3.01,55.7,88.6,0,0,3,34.5,49.6,0,27.5,1,0,39.9,0,298,0.651,1,110,Medium
1627,5,5,17.68,7.7,70.1,4,2,3,34.3,27.3,1,9.8,1,1,44.5,1,112,0.98,1,262,High
1628,8,8,12.64,22.9,42.3,2,0,4,73.4,100.0,0,5.5,1,0,38.8,0,236,0.835,1,158,High
1629,11,33,43.05,25.3,57.5,2,0,1,93.6,86.1,1,7.0,1,0,42.1,2,222,0.769,1,178,High
1630,12,12,10.95,28.3,97.4,3,0,0,84.2,85.7,0,12.3,1,0,22.9,0,289,0.596,1,145,Medium
1631,1,2,3.92,5.0,90.7,1,0,0,75.4,100.0,0,17.0,1,1,43.3,2,61,0.597,1,152,Medium
1632,11,11,27.54,18.0,73.4,1,2,0,44.9,20.9,1,5.9,1,0,26.8,0,129,0.88,1,163,High
1633,5,10,8.03,25.5,65.8,0,0,1,74.6,92.7,4,22.4,1,1,33.7,1,198,0.479,1,96,Medium
1634,15,30,19.42,36.9,78.7,0,0,0,82.1,81.7,4,5.6,1,0,37.9,0,25,0.313,0,10,Low
1635,5,10,21.64,41.8,83.1,3,0,1,77.8,88.4,0,24.4,1,0,44.0,0,91,0.695,1,173,Medium
1636,12,24,12.83,18.1,57.5,0,1,3,70.9,65.7,0,7.4,1,0,46.0,1,235,0.755,1,127,High
1637,5,10,7.68,39.1,69.6,0,0,3,14.2,38.7,1,1.5,1,0,44.7,0,68,0.601,1,88,Medium
1638,17,17,35.48,20.5,78.5,1,0,0,69.4,57.2,0,15.8,1,0,23.3,0,73,0.447,0,4,Medium
1639,17,34,52.61,38.4,68.6,1,0,0,53.0,53.6,2,2.7,0,0,33.5,1,207,0.723,1,132,High
1640,12,12,33.79,27.1,80.3,2,1,2,96.5,100.0,1,52.8,1,1,29.8,1,46,0.98,1,218,High
1641,15,30,18.97,24.7,90.4,0,0,1,64.6,52.3,1,12.1,1,0,33.9,0,160,0.356,0,5,Low
1642,15,45,28.08,42.9,71.8,1,0,2,64.7,66.6,1,4.7,1,0,42.6,1,146,0.623,1,129,Medium
1643,6,12,10.1,33.7,52.5,0,0,2,99.5,84.1,0,9.2,1,1,26.8,1,222,0.581,1,116,Medium
1644,12,36,19.08,54.7,52.2,2,0,1,18.4,12.4,1,4.3,1,1,37.6,0,227,0.98,1,178,High
1645,18,36,41.78,15.2,81.5,0,0,0,34.9,74.3,1,15.2,1,0,51.0,1,193,0.406,0,1,Medium
1646,14,28,47.67,18.1,69.4,2,0,1,69.0,89.1,2,3.3,1,0,45.6,2,140,0.768,1,205,High
1647,2,4,3.21,13.8,83.4,0,0,1,38.4,48.4,0,2.8,0,0,45.4,2,152,0.639,1,119,Medium
1648,9,27,19.41,7.8,78.1,0,0,0,41.2,46.7,0,27.7,1,0,49.7,0,259,0.318,0,9,Low
1649,5,15,11.23,26.8,85.5,0,0,2,90.3,66.8,4,5.8,1,0,34.0,1,207,0.443,0,1,Medium
1650,1,2,4.41,24.4,85.3,0,0,3,62.1,59.3,1,13.2,1,0,46.6,2,289,0.62,1,113,Medium
1651,3,3,13.0,19.9,77.3,1,0,0,19.3,33.1,3,9.9,1,0,22.1,0,149,0.564,1,112,Medium
1652,6,12,22.56,8.5,60.0,0,1,3,38.0,31.4,1,8.1,1,1,22.0,1,59,0.937,1,170,High
1653,5,15,8.47,40.3,45.4,0,0,1,16.8,22.2,3,8.5,1,1,31.6,0,52,0.642,1,85,Medium
1654,5,10,5.26,22.9,60.2,0,0,2,60.1,45.0,0,17.0,1,1,26.9,0,149,0.64,1,103,Medium
1655,1,3,1.97,49.2,80.5,2,1,0,25.6,9.3,0,10.4,1,0,38.1,1,249,0.98,1,221,High
1656,17,51,30.38,11.8,90.8,0,0,0,87.1,100.0,2,5.1,0,1,26.4,0,81,0.484,1,76,Medium
1657,19,57,50.77,20.5,98.4,0,0,0,62.0,93.9,2,4.7,0,0,54.1,0,89,0.412,0,0,Medium
1658,14,28,51.49,34.6,71.9,1,0,0,15.3,14.0,1,22.7,0,0,49.8,0,278,0.811,1,148,High
1659,12,36,47.71,50.0,59.1,2,0,0,37.1,25.4,1,17.6,1,1,54.4,0,104,0.927,1,200,High
1660,10,30,39.26,32.5,58.7,2,0,2,65.5,51.4,3,27.3,1,0,48.3,0,116,0.804,1,167,High
1661,18,36,38.35,52.6,56.1,2,0,1,40.2,46.2,0,17.8,1,0,53.3,2,17,0.98,1,218,High
1662,11,33,36.77,71.2,69.7,0,0,3,56.2,85.2,1,5.8,0,1,32.9,0,107,0.844,1,132,High
1663,2,4,3.91,44.3,91.9,2,1,1,91.8,81.3,0,9.6,1,1,37.4,1,26,0.98,1,193,High
1664,18,54,18.46,19.5,95.7,1,0,0,41.5,44.5,0,22.9,1,0,28.4,0,96,0.484,1,61,Medium
1665,7,7,23.77,62.5,90.6,2,0,1,40.2,42.4,0,5.1,1,1,42.3,0,185,0.959,1,183,High
1666,15,15,12.55,17.3,86.6,0,3,4,83.8,100.0,2,3.5,1,0,47.6,3,248,0.98,1,220,High
1667,11,33,25.45,22.2,75.8,2,0,1,38.7,42.9,2,28.6,0,1,37.5,1,59,0.98,1,224,High
1668,18,18,36.34,49.6,64.2,0,1,0,17.0,0.0,4,27.8,0,0,30.4,0,39,0.953,1,132,High
1669,12,24,40.39,28.6,76.9,1,0,3,26.3,37.6,0,23.7,0,1,37.8,1,18,0.98,1,179,High
1670,6,6,21.81,28.5,89.7,0,0,0,95.4,98.0,0,22.6,1,1,22.2,0,244,0.334,0,0,Low
1671,13,39,25.03,8.4,90.4,0,2,1,94.0,81.0,0,19.3,1,0,45.2,2,209,0.742,1,146,High
1672,16,48,60.85,21.9,80.0,0,0,1,30.2,46.1,0,23.9,1,1,35.8,0,170,0.492,1,66,Medium
1673,18,36,33.97,34.7,67.7,0,0,0,59.8,55.1,0,6.3,1,1,51.4,2,124,0.65,1,126,Medium
1674,10,30,24.51,20.2,91.1,1,0,0,22.4,27.4,0,9.4,1,0,52.3,0,179,0.485,1,109,Medium
1675,8,16,27.92,25.5,93.6,1,0,3,70.7,72.9,0,7.9,1,1,24.4,1,75,0.759,1,144,High
1676,18,18,60.55,50.0,83.9,1,0,3,26.7,22.2,0,14.6,1,1,54.9,2,223,0.912,1,202,High
1677,1,1,4.45,44.1,82.5,0,0,1,14.5,2.3,1,3.4,1,0,53.9,0,139,0.569,1,100,Medium
1678,8,16,13.06,8.7,70.0,3,0,0,84.2,92.6,3,23.9,1,0,41.9,0,99,0.602,1,185,Medium
1679,6,12,19.5,20.3,82.7,1,0,0,39.3,21.0,2,3.6,0,0,48.9,1,223,0.774,1,150,High
1680,5,15,15.28,28.9,59.7,0,0,0,19.8,33.7,2,19.4,1,0,20.6,0,248,0.522,1,70,Medium
1681,15,15,62.79,61.3,92.4,1,0,1,85.1,72.3,2,7.4,1,0,54.0,1,57,0.61,1,111,Medium
1682,15,30,20.68,40.1,48.9,0,0,0,78.6,61.1,0,14.3,1,0,36.0,1,298,0.413,0,0,Medium
1683,2,2,7.16,18.9,67.8,0,0,0,71.5,92.5,1,12.7,1,1,51.8,0,265,0.392,0,1,Low
1684,1,2,2.9,18.9,80.2,0,0,1,92.0,93.4,2,2.5,1,1,33.5,1,181,0.456,1,86,Medium
1685,11,11,19.98,3.1,69.7,1,1,1,54.0,25.4,0,13.0,1,1,47.6,0,207,0.842,1,158,High
1686,10,30,25.55,84.5,61.5,0,0,2,21.5,21.3,2,5.6,1,1,34.6,2,81,0.871,1,170,High
1687,18,18,36.63,18.9,91.6,0,0,1,15.5,24.7,1,2.6,0,0,32.7,0,221,0.593,1,90,Medium
1688,18,18,52.98,16.1,46.3,3,0,1,38.7,48.3,0,11.9,1,0,53.1,1,50,0.883,1,212,High
1689,17,17,69.52,38.6,63.6,0,0,0,17.8,6.2,1,3.1,1,0,44.5,0,293,0.521,1,82,Medium
1690,8,8,23.25,35.9,92.4,0,0,1,58.2,48.7,1,27.6,0,0,49.4,1,189,0.654,1,149,Medium
1691,15,15,47.06,4.8,78.7,4,0,1,11.3,13.7,1,5.6,0,0,39.0,0,25,0.948,1,242,High
1692,8,24,21.75,52.6,71.0,0,0,1,49.9,65.5,0,12.4,1,0,52.1,0,33,0.549,1,73,Medium
1693,17,34,16.82,15.9,63.3,1,0,1,26.1,6.4,1,11.5,1,0,45.9,0,204,0.691,1,135,Medium
1694,12,12,19.94,22.3,55.1,0,3,1,43.1,24.2,0,19.5,1,0,22.5,0,86,0.77,1,123,High
1695,8,24,20.96,64.6,94.2,1,0,3,70.8,91.4,4,7.2,1,1,46.8,0,89,0.767,1,164,High
1696,14,14,27.27,5.4,84.5,0,0,1,41.6,59.9,2,7.8,1,0,20.7,0,151,0.36,0,1,Low
1697,4,4,5.89,29.4,77.0,3,1,1,40.7,26.6,2,11.6,1,0,49.0,4,252,0.98,1,275,High
1698,1,2,2.67,26.8,74.9,0,0,2,99.2,93.4,0,5.9,1,0,31.6,0,295,0.327,0,6,Low
1699,1,1,1.99,8.3,93.0,1,0,0,74.7,100.0,0,8.1,1,0,40.9,2,155,0.378,0,2,Low
1700,19,57,33.34,15.8,85.2,3,0,1,56.2,69.4,0,6.4,1,1,46.2,0,172,0.824,1,199,High
1701,16,48,40.27,24.9,50.9,4,0,3,62.1,61.4,1,13.4,1,0,42.3,0,215,0.889,1,236,High
1702,14,28,18.1,23.4,79.9,0,1,0,65.8,82.9,0,17.1,1,0,43.5,0,43,0.483,1,78,Medium
1703,16,16,67.72,22.0,30.8,2,0,0,12.2,5.0,1,20.9,1,0,51.2,1,109,0.876,1,198,High
1704,5,15,20.05,10.4,87.3,0,1,1,17.2,19.6,0,20.0,1,0,33.1,0,288,0.662,1,101,Medium
1705,9,9,30.76,49.6,85.9,1,0,0,68.4,63.8,1,14.7,1,0,39.2,2,145,0.64,1,162,Medium
1706,2,2,2.39,54.0,68.2,0,1,1,42.8,53.4,0,14.6,1,0,26.1,3,261,0.824,1,160,High
1707,18,18,66.07,11.5,77.9,0,0,0,15.0,25.5,0,14.4,1,1,36.4,0,49,0.569,1,77,Medium
1708,6,12,22.74,17.1,80.2,0,1,1,36.8,40.1,2,10.5,0,0,25.3,0,146,0.764,1,133,High
1709,9,9,32.77,19.0,51.8,1,0,1,21.7,29.3,1,4.9,0,0,42.2,0,128,0.849,1,138,High
1710,1,3,1.22,32.4,47.3,0,0,1,92.5,100.0,2,24.5,1,1,31.3,0,104,0.467,1,67,Medium
1711,9,9,28.64,27.4,89.4,0,0,0,28.3,35.3,1,14.3,1,0,50.1,0,237,0.375,0,4,Low
1712,16,48,62.19,50.9,95.8,0,0,0,22.9,26.3,2,17.4,1,0,32.0,4,101,0.713,1,179,High
1713,13,13,38.17,14.0,78.1,4,0,0,66.4,72.8,0,7.7,1,0,30.0,1,236,0.689,1,207,Medium
1714,9,27,28.73,48.5,38.1,1,0,1,57.0,75.2,0,33.9,1,0,37.2,3,281,0.836,1,161,High
1715,13,39,32.45,37.0,33.7,0,0,0,61.8,47.9,1,22.7,1,1,26.1,0,47,0.548,1,94,Medium
1716,9,9,24.81,18.3,71.4,2,0,2,49.2,55.4,3,8.5,1,1,27.1,0,252,0.862,1,175,High
1717,11,11,10.2,47.6,71.9,1,0,1,52.0,23.7,1,7.3,1,0,47.4,0,19,0.668,1,139,Medium
1718,4,12,12.66,31.4,76.4,0,0,0,80.1,75.9,1,17.3,1,1,37.4,1,201,0.464,1,77,Medium
1719,2,4,2.2,12.5,93.3,0,0,0,29.8,58.1,0,10.5,1,0,27.2,1,262,0.431,0,1,Medium
1720,6,6,14.46,39.7,63.5,0,0,0,45.7,33.8,1,13.3,1,0,21.1,2,113,0.549,1,103,Medium
1721,14,28,26.36,23.2,81.2,1,0,1,96.2,71.7,0,23.7,1,1,36.3,0,65,0.517,1,97,Medium
1722,4,4,11.27,64.6,38.7,3,0,0,27.1,12.9,2,13.1,1,0,46.0,0,79,0.98,1,231,High
1723,6,6,7.76,14.7,74.3,0,2,0,36.4,47.1,0,10.1,1,1,32.3,0,210,0.813,1,157,High
1724,19,19,63.82,29.0,92.7,0,0,0,27.2,25.2,0,14.8,0,0,28.7,1,72,0.565,1,91,Medium
1725,6,6,22.45,16.7,89.6,0,0,3,11.8,0.0,0,3.7,1,0,33.9,1,190,0.625,1,144,Medium
1726,2,4,2.81,23.5,57.6,0,0,1,34.3,52.4,0,12.8,1,1,53.6,0,200,0.645,1,74,Medium
1727,18,18,21.35,5.1,91.3,1,0,2,14.2,20.6,0,4.2,1,1,34.8,0,179,0.687,1,138,Medium
1728,13,39,17.4,11.0,46.4,1,0,0,23.9,6.6,0,16.4,1,1,29.1,2,149,0.777,1,195,High
1729,9,27,36.41,6.7,51.9,0,0,0,42.6,39.3,1,1.4,1,0,39.9,2,74,0.504,1,98,Medium
1730,19,38,52.33,31.3,76.2,2,0,0,11.9,43.9,1,10.4,1,0,48.4,0,193,0.724,1,170,High
1731,13,13,32.88,25.6,34.7,0,0,3,77.8,73.2,0,27.2,1,1,20.8,0,137,0.625,1,93,Medium
1732,11,33,13.14,30.7,58.1,4,0,0,81.6,56.2,1,21.6,1,1,39.5,1,258,0.909,1,231,High
1733,1,2,3.2,29.6,66.2,0,0,1,47.0,54.1,2,13.2,1,0,49.3,0,296,0.456,1,56,Medium
1734,7,7,28.08,38.2,92.8,1,0,0,98.6,100.0,1,28.7,1,1,27.5,0,91,0.424,0,8,Medium
1735,15,45,57.96,6.9,74.7,0,2,1,71.1,91.1,1,8.2,1,1,52.3,1,101,0.849,1,152,High
1736,1,3,3.12,4.6,74.4,0,2,0,76.9,71.0,1,5.7,1,0,40.2,0,94,0.656,1,90,Medium
1737,12,24,12.94,28.3,77.2,2,1,1,27.3,33.9,0,9.9,0,0,38.1,0,99,0.98,1,213,High
1738,7,7,8.51,13.1,62.8,0,1,4,85.4,89.1,0,9.8,1,0,53.7,0,288,0.697,1,104,Medium
1739,15,15,14.74,17.3,78.1,2,0,1,95.1,95.0,0,10.2,1,0,24.5,0,279,0.589,1,133,Medium
1740,19,57,33.3,40.0,64.7,1,0,1,31.3,36.2,0,11.7,1,0,45.9,0,125,0.671,1,130,Medium
1741,1,3,1.3,22.8,42.6,3,0,1,71.8,80.8,2,3.2,1,1,48.6,0,287,0.875,1,235,High
1742,17,51,29.96,39.1,84.9,4,0,2,77.2,85.5,0,6.8,1,0,37.1,0,119,0.752,1,215,High
1743,17,17,37.82,50.4,78.7,0,1,0,37.5,51.3,3,8.2,1,0,20.2,1,279,0.661,1,130,Medium
1744,3,6,12.87,28.5,65.8,1,0,0,52.8,18.6,2,28.3,1,0,38.4,4,178,0.704,1,187,High
1745,12,24,36.7,57.4,55.8,2,0,2,18.8,0.0,1,8.1,1,0,25.4,1,150,0.98,1,216,High
1746,6,6,23.34,16.2,85.1,0,0,1,25.6,28.8,1,8.6,0,1,39.7,0,204,0.761,1,127,High
1747,11,22,37.71,13.5,61.3,2,0,3,15.5,17.2,0,16.9,1,0,45.9,0,266,0.961,1,193,High
1748,3,9,3.65,23.7,62.7,1,0,1,60.4,45.1,1,10.0,1,0,38.6,0,228,0.593,1,126,Medium
1749,8,16,28.18,16.5,56.0,1,0,1,66.3,61.3,3,32.5,1,0,42.1,0,136,0.622,1,157,Medium
1750,14,28,25.45,25.3,63.2,0,3,0,92.5,80.1,0,17.9,1,1,23.6,0,232,0.77,1,109,High
1751,14,28,44.31,54.6,85.9,1,0,1,58.8,67.6,0,16.3,1,1,23.4,0,184,0.682,1,134,Medium
1752,10,30,20.62,10.4,98.5,0,0,1,33.5,20.1,0,3.6,0,1,49.8,1,272,0.665,1,126,Medium
1753,2,2,8.98,25.7,69.3,2,0,1,15.4,18.6,1,13.6,1,0,21.7,1,173,0.836,1,185,High
1754,14,42,24.85,44.9,56.1,0,0,0,89.6,100.0,0,12.3,1,1,30.0,1,90,0.538,1,92,Medium
1755,9,9,16.5,31.7,87.7,0,0,3,53.1,40.0,1,19.9,1,0,52.8,4,289,0.781,1,176,High
1756,3,3,12.73,18.8,67.8,3,0,0,76.4,56.3,1,16.6,1,0,36.1,0,135,0.754,1,207,High
1757,8,8,7.13,19.4,87.4,1,0,0,11.3,0.0,0,15.0,0,0,43.6,4,254,0.945,1,233,High
1758,16,32,54.04,44.4,80.1,4,0,4,53.9,40.8,2,14.0,1,0,27.8,0,79,0.853,1,228,High
1759,2,4,6.97,20.0,81.6,0,0,1,39.3,39.9,0,8.1,1,0,29.5,0,202,0.441,0,3,Medium
1760,6,6,23.37,21.9,56.6,1,0,1,12.7,0.0,0,5.7,1,0,37.8,3,112,0.763,1,192,High
1761,12,12,52.87,27.1,43.9,1,1,3,79.8,100.0,0,14.3,1,0,42.3,0,286,0.836,1,159,High
1762,5,10,22.05,30.4,53.8,1,0,0,56.2,37.4,2,5.9,1,1,53.6,0,119,0.725,1,133,High
1763,2,6,2.08,5.5,72.0,0,0,0,40.0,19.8,2,11.7,1,0,40.1,0,149,0.445,0,6,Medium
1764,16,16,61.45,21.6,49.3,0,1,1,82.5,83.4,0,25.6,1,1,23.4,0,210,0.626,1,115,Medium
1765,5,15,15.96,5.1,47.5,2,0,0,50.2,48.4,0,28.5,1,0,32.8,4,245,0.877,1,226,High
1766,15,30,47.93,11.4,91.9,0,0,3,10.3,30.9,2,9.9,0,0,28.5,0,216,0.776,1,126,High
1767,12,12,15.3,21.1,79.1,3,0,2,95.0,90.9,1,20.9,1,0,28.9,4,106,0.912,1,272,High
1768,4,12,12.82,33.1,91.7,0,1,0,33.0,28.7,0,11.6,1,0,37.7,0,61,0.558,1,98,Medium
1769,15,45,66.53,28.6,82.1,4,1,2,84.8,94.5,1,5.7,1,1,31.1,0,25,0.98,1,248,High
1770,11,33,45.91,5.6,79.9,1,0,0,83.5,97.7,3,11.7,1,1,30.1,0,176,0.489,1,106,Medium
1771,16,32,38.8,47.7,60.5,1,0,1,24.6,0.0,0,39.2,1,0,53.9,0,65,0.765,1,156,High
1772,6,12,5.69,19.9,68.9,0,0,3,52.7,53.7,0,15.9,1,0,40.4,0,19,0.487,1,72,Medium
1773,14,42,29.97,33.5,79.5,2,1,2,13.6,45.9,0,6.5,1,0,29.2,1,99,0.98,1,229,High
1774,18,54,69.44,14.6,63.0,0,0,0,41.9,32.5,1,14.2,1,0,29.7,0,280,0.367,0,8,Low
1775,12,24,40.75,31.5,85.4,1,1,0,75.8,78.1,0,18.3,1,1,48.4,2,244,0.759,1,181,High
1776,11,33,27.5,51.2,81.0,0,0,0,31.3,46.6,2,20.8,1,0,51.0,2,159,0.621,1,113,Medium
1777,13,39,13.05,27.8,79.0,1,0,1,20.5,27.8,2,9.9,1,0,43.8,0,228,0.665,1,134,Medium
1778,11,22,26.17,15.8,48.7,2,0,1,55.6,39.8,1,28.9,1,0,35.1,1,222,0.769,1,179,High
1779,16,48,40.57,14.3,69.1,0,0,0,58.3,57.3,0,10.8,1,0,46.8,2,250,0.423,0,6,Medium
1780,15,45,63.53,22.8,80.2,1,0,1,70.8,52.2,5,14.3,1,1,52.8,1,47,0.666,1,157,Medium
1781,15,45,47.58,27.7,95.8,0,0,2,78.3,62.3,1,3.7,0,0,25.8,0,147,0.509,1,84,Medium
1782,4,8,7.81,8.6,92.8,3,0,1,72.6,89.2,1,24.4,1,0,50.2,0,118,0.753,1,182,High
1783,11,33,30.18,17.7,77.6,4,0,0,86.1,98.9,5,5.0,1,1,49.7,2,56,0.777,1,217,High
1784,19,38,19.84,52.8,62.3,0,1,3,30.1,56.9,2,17.6,1,0,32.8,0,145,0.836,1,125,High
1785,15,30,65.98,19.5,68.3,0,0,0,61.3,75.2,1,8.6,1,0,30.2,0,205,0.298,0,6,Low
1786,4,4,8.53,3.1,70.8,1,0,2,42.4,40.3,0,5.0,1,0,39.8,0,283,0.538,1,98,Medium
1787,13,13,33.39,13.9,52.6,0,0,0,96.6,81.4,0,8.9,1,1,29.5,0,258,0.337,0,1,Low
1788,19,57,40.18,24.6,45.4,0,0,1,49.6,70.6,3,3.6,1,1,25.1,0,75,0.609,1,93,Medium
1789,2,4,6.65,17.8,84.6,0,0,1,96.4,100.0,2,7.4,1,1,53.4,0,172,0.373,0,1,Low
1790,14,14,45.5,39.9,97.4,0,0,1,79.2,91.2,0,7.9,1,0,37.2,0,83,0.352,0,1,Low
1791,4,12,13.79,39.4,94.6,0,0,1,74.7,83.3,2,5.2,1,0,36.5,0,109,0.373,0,2,Low
1792,16,16,28.67,2.2,60.9,0,0,0,54.2,72.0,2,13.9,1,0,24.4,0,262,0.326,0,7,Low
1793,14,14,27.55,25.5,61.8,0,0,1,49.9,27.0,0,11.2,1,1,37.6,1,272,0.608,1,101,Medium
1794,15,30,18.95,11.5,97.3,1,0,1,57.4,39.2,1,13.8,1,0,46.0,2,71,0.664,1,143,Medium
1795,3,6,9.68,10.4,82.9,1,2,0,36.4,23.3,0,8.1,1,0,28.7,0,277,0.896,1,156,High
1796,8,8,7.58,59.4,86.8,0,0,4,91.4,96.9,2,10.1,0,1,32.9,0,222,0.799,1,127,High
1797,16,16,48.18,15.6,87.0,1,0,2,81.5,74.6,0,4.8,1,0,26.3,0,43,0.512,1,89,Medium
1798,10,20,40.18,11.4,82.2,2,1,2,82.1,99.0,1,7.6,1,0,32.4,2,236,0.846,1,206,High
1799,4,12,16.38,32.2,59.2,0,1,1,49.0,48.8,0,5.0,1,1,50.1,1,176,0.861,1,171,High
1800,18,36,44.31,48.1,81.3,2,0,0,16.4,51.2,0,9.4,1,1,28.3,0,112,0.833,1,173,High
1801,2,2,5.0,9.4,67.5,1,0,1,71.5,97.2,0,7.6,1,0,21.0,1,187,0.475,1,106,Medium
1802,17,51,18.44,12.3,86.9,0,0,2,43.7,45.8,1,17.5,1,0,38.8,0,141,0.408,0,0,Medium
1803,13,13,42.66,29.4,76.1,0,0,0,88.3,67.9,0,18.5,0,0,40.3,0,114,0.507,1,67,Medium
1804,4,12,15.35,63.2,54.4,0,0,1,80.2,90.5,1,12.9,1,0,31.5,0,85,0.427,0,16,Medium
1805,11,11,18.76,30.4,92.9,1,2,0,23.1,6.4,0,18.2,1,0,42.5,0,200,0.919,1,167,High
1806,7,21,16.51,56.6,77.0,0,0,0,64.2,49.6,1,13.6,0,1,21.3,1,98,0.73,1,152,High
1807,12,36,46.84,64.2,66.4,4,0,0,72.3,66.4,1,8.3,0,0,31.9,0,243,0.939,1,245,High
1808,10,10,40.45,32.8,61.2,1,1,4,61.1,54.9,0,12.1,1,1,25.1,1,264,0.98,1,168,High
1809,7,21,11.9,37.7,73.7,0,0,1,56.3,64.6,0,26.3,0,1,28.0,1,111,0.792,1,144,High
1810,13,26,36.88,18.5,84.7,0,0,0,30.5,35.4,0,20.0,1,0,33.4,0,232,0.4,0,0,Medium
1811,7,7,10.59,42.0,73.3,0,1,1,31.2,16.1,1,11.7,1,0,37.3,1,206,0.773,1,152,High
1812,17,34,20.01,14.2,61.8,0,1,0,79.1,74.7,2,3.6,0,0,23.3,0,180,0.617,1,87,Medium
1813,10,10,41.71,12.7,78.7,0,0,1,11.7,0.0,0,31.1,1,1,23.5,0,26,0.533,1,94,Medium
1814,10,30,38.36,45.1,92.9,1,0,2,80.1,86.1,1,10.6,1,1,43.6,1,205,0.714,1,163,High
1815,4,12,14.45,16.8,62.1,1,0,1,57.4,29.5,0,21.5,1,0,34.1,3,202,0.722,1,158,High
1816,4,12,3.92,31.1,61.3,0,0,1,94.3,90.8,0,11.5,1,1,26.2,0,290,0.483,1,94,Medium
1817,7,7,27.45,39.1,85.4,1,0,1,99.8,90.1,1,2.9,0,0,28.2,0,256,0.617,1,132,Medium
1818,1,2,2.42,17.3,71.8,0,0,1,69.7,77.9,0,23.4,1,1,45.2,0,32,0.511,1,69,Medium
1819,12,24,24.8,9.9,45.6,0,1,1,47.1,35.0,1,13.8,1,0,21.8,2,276,0.729,1,160,High
1820,13,13,36.69,3.6,64.9,1,1,2,52.8,40.1,4,3.8,1,1,37.8,3,80,0.98,1,207,High
1821,10,10,11.38,13.9,79.5,0,1,1,28.4,34.3,0,9.9,1,1,32.6,2,83,0.836,1,174,High
1822,15,30,53.99,65.1,57.1,2,0,4,18.9,25.6,1,13.9,1,1,48.4,0,141,0.98,1,195,High
1823,13,26,38.42,14.1,65.7,4,0,2,62.1,46.4,3,13.0,1,1,47.7,2,139,0.98,1,249,High
1824,9,18,13.41,4.5,70.5,1,1,2,82.5,91.3,0,20.0,1,0,44.1,0,116,0.681,1,146,Medium
1825,9,18,13.47,55.8,48.8,0,0,2,33.6,70.5,0,13.8,1,0,33.5,0,228,0.629,1,118,Medium
1826,15,15,22.23,11.6,93.2,0,1,0,47.8,40.7,0,11.9,1,0,42.1,1,164,0.533,1,102,Medium
1827,10,10,10.11,38.7,56.1,0,3,1,59.9,41.5,1,5.6,1,0,42.4,2,79,0.971,1,185,High
1828,10,30,29.75,5.0,79.9,1,1,1,91.7,92.5,1,29.4,1,0,31.6,1,242,0.681,1,139,Medium
1829,8,16,31.27,34.2,81.7,2,0,1,22.5,1.8,1,9.6,1,0,50.8,2,91,0.9,1,220,High
1830,16,48,13.84,52.8,90.6,1,0,2,31.3,27.4,1,7.9,1,0,54.5,2,205,0.808,1,184,High
1831,17,17,16.68,12.1,97.4,1,0,0,92.7,85.1,2,6.0,1,0,31.0,0,155,0.339,0,9,Low
1832,5,5,14.6,10.2,59.2,1,0,0,13.6,24.0,0,7.4,0,0,48.0,2,129,0.852,1,188,High
1833,4,12,15.33,31.5,69.5,2,0,2,69.1,42.8,4,19.1,1,0,37.5,0,137,0.836,1,190,High
1834,18,36,36.16,21.0,53.6,0,1,0,67.6,43.9,0,4.4,1,0,36.2,0,254,0.596,1,73,Medium
1835,19,38,39.78,39.1,83.7,2,0,0,44.5,50.2,0,9.0,0,0,33.5,0,73,0.868,1,188,High
1836,4,8,12.03,49.5,74.2,1,1,0,52.1,60.2,3,2.9,1,1,30.2,2,128,0.974,1,207,High
1837,7,14,12.7,27.8,59.5,0,0,2,86.9,54.7,2,6.8,1,0,52.2,3,96,0.609,1,146,Medium
1838,10,30,8.98,52.5,85.3,4,0,1,24.8,47.6,2,7.8,1,0,45.9,0,228,0.88,1,242,High
1839,18,54,63.37,44.3,93.2,3,1,3,30.8,43.9,0,7.3,1,0,35.4,1,271,0.98,1,245,High
1840,19,19,59.18,10.5,59.7,1,0,0,56.1,46.0,2,6.0,1,0,46.3,0,23,0.512,1,97,Medium
1841,4,8,11.8,24.2,69.4,2,0,2,46.9,48.3,1,24.8,1,0,45.2,0,17,0.759,1,151,High
1842,10,20,35.44,9.7,93.3,0,0,0,61.7,32.1,2,7.8,1,0,29.4,0,279,0.325,0,11,Low
1843,1,2,3.3,38.4,83.4,0,1,0,92.9,100.0,4,18.5,1,0,26.2,0,292,0.437,0,6,Medium
1844,18,54,28.11,33.8,93.3,0,1,1,92.5,79.8,0,8.5,1,1,49.3,0,115,0.622,1,114,Medium
1845,5,10,10.52,24.2,80.4,0,2,0,30.7,25.4,1,5.0,1,0,48.4,1,132,0.854,1,166,High
1846,15,45,19.0,18.2,82.8,0,1,0,37.2,35.6,2,16.8,1,0,54.9,0,94,0.626,1,95,Medium
1847,17,34,21.77,17.1,75.8,0,0,0,24.6,42.7,0,21.3,1,0,20.7,1,147,0.441,0,3,Medium
1848,3,6,9.91,15.3,77.7,1,0,0,93.5,100.0,0,5.0,1,0,38.9,0,53,0.288,0,27,Low
1849,12,12,47.72,28.4,84.4,0,0,2,45.8,40.4,0,15.8,1,0,44.5,2,17,0.609,1,139,Medium
1850,2,4,8.72,11.5,72.2,0,0,0,50.5,41.7,1,9.7,0,0,40.4,1,40,0.576,1,107,Medium
1851,1,2,3.12,19.9,94.4,0,0,4,82.2,85.6,0,32.1,1,1,44.9,1,278,0.522,1,98,Medium
1852,17,17,25.18,12.6,88.4,0,1,2,56.2,54.9,0,20.2,0,0,24.8,0,66,0.807,1,135,High
1853,16,48,19.05,64.3,52.7,0,0,0,20.8,17.2,0,26.7,1,0,20.1,0,211,0.477,1,84,Medium
1854,5,15,19.04,14.0,72.7,0,0,1,49.4,49.5,0,8.6,1,1,23.3,4,169,0.723,1,170,High
1855,15,30,44.12,23.8,88.7,0,0,1,66.7,62.6,0,27.7,0,0,33.3,0,228,0.457,1,68,Medium
1856,3,9,9.26,16.6,88.8,0,0,2,74.7,51.2,0,17.9,1,0,31.5,0,70,0.441,0,15,Medium
1857,7,14,25.84,38.0,74.5,0,0,2,68.1,67.2,3,12.7,0,0,50.6,2,57,0.775,1,146,High
1858,11,11,37.42,32.1,31.5,2,0,1,20.7,20.4,0,16.8,1,1,22.9,0,41,0.98,1,190,High
1859,10,10,38.87,61.0,85.2,0,0,0,37.4,39.4,2,6.0,1,1,35.5,1,59,0.639,1,96,Medium
1860,9,18,9.07,30.8,75.3,1,0,1,76.0,60.9,2,12.8,1,0,53.5,0,47,0.563,1,98,Medium
1861,14,14,49.92,25.5,91.4,0,2,2,89.2,77.2,1,9.6,1,0,37.6,0,141,0.719,1,123,High
1862,13,13,51.33,14.9,79.6,0,0,1,14.2,38.8,0,21.4,1,0,24.6,0,109,0.382,0,3,Low
1863,2,4,3.72,68.1,45.5,0,0,2,13.8,2.7,3,2.3,1,1,30.2,0,298,0.948,1,151,High
1864,3,6,9.51,27.3,77.5,3,0,1,67.9,75.5,1,12.6,1,0,41.9,0,123,0.715,1,183,High
1865,7,7,13.74,13.2,74.5,0,0,0,59.3,47.3,0,8.9,1,1,20.4,2,95,0.533,1,88,Medium
1866,18,54,78.2,62.9,74.4,1,0,3,24.0,0.0,0,29.1,1,1,53.9,3,193,0.98,1,226,High
1867,3,9,2.77,45.9,83.1,1,0,3,59.3,57.7,0,10.5,1,0,39.8,1,206,0.714,1,131,High
1868,10,20,29.45,33.9,71.4,0,0,0,97.7,100.0,0,9.9,1,1,44.6,0,49,0.389,0,5,Low
1869,7,14,9.91,8.5,74.3,3,1,0,66.8,61.8,1,12.7,1,0,37.5,1,276,0.892,1,225,High
1870,9,27,30.92,9.8,84.1,0,0,1,50.4,20.5,0,17.1,1,0,53.5,1,235,0.536,1,110,Medium
1871,17,17,24.66,34.3,69.8,0,0,2,84.5,51.0,1,3.4,1,0,40.6,0,200,0.517,1,59,Medium
1872,11,33,18.38,38.9,61.1,0,0,0,29.2,46.5,3,4.7,1,0,43.2,0,142,0.488,1,58,Medium
1873,7,21,18.4,31.1,62.0,0,0,0,47.3,47.1,0,29.2,1,0,50.1,2,284,0.531,1,106,Medium
1874,14,42,58.59,55.3,96.0,0,0,1,57.5,66.6,0,13.1,1,0,50.2,1,215,0.508,1,74,Medium
1875,19,57,30.08,27.4,69.9,1,1,0,55.4,58.9,2,41.1,1,0,21.0,3,93,0.819,1,191,High
1876,4,8,5.33,15.9,38.8,0,0,0,92.9,75.6,1,6.5,1,0,29.9,2,244,0.444,0,6,Medium
1877,6,12,21.65,67.1,63.0,1,3,1,36.3,32.5,0,15.9,1,1,28.6,0,162,0.98,1,158,High
1878,10,10,26.52,16.0,82.6,0,0,2,15.1,0.0,2,13.2,1,1,20.2,1,228,0.67,1,146,Medium
1879,7,7,29.22,33.3,85.3,4,0,1,92.5,100.0,3,24.5,1,0,50.7,0,138,0.675,1,184,Medium
1880,13,13,17.45,36.2,42.4,0,2,1,29.5,34.3,1,4.1,1,0,31.1,0,159,0.946,1,155,High
1881,14,14,44.66,29.1,62.5,1,0,1,44.1,55.2,0,29.3,1,0,32.1,1,156,0.655,1,127,Medium
1882,4,12,6.65,32.9,60.6,1,0,1,57.8,77.2,1,12.4,0,0,23.5,2,40,0.842,1,197,High
1883,8,16,11.04,26.3,77.9,0,0,0,97.8,92.5,1,11.1,0,0,54.6,2,246,0.492,1,111,Medium
1884,5,10,16.64,11.9,71.0,0,0,0,58.2,47.1,0,15.7,1,0,48.9,1,174,0.35,0,0,Low
1885,1,1,3.0,15.8,51.5,0,0,0,50.3,48.7,0,10.7,1,0,40.0,0,246,0.402,0,6,Medium
1886,4,4,14.37,14.3,90.3,0,1,3,62.5,81.5,1,12.7,1,1,47.0,0,85,0.662,1,90,Medium
1887,3,9,5.84,17.4,67.5,0,0,2,97.4,73.9,0,22.7,1,0,47.2,0,215,0.437,0,0,Medium
1888,9,27,22.12,16.3,82.7,1,0,1,83.6,83.9,0,5.9,1,0,43.0,4,282,0.599,1,184,Medium
1889,8,8,18.4,79.3,58.7,0,3,3,25.2,37.3,3,15.4,1,1,26.1,1,17,0.98,1,153,High
1890,1,2,4.44,25.3,85.2,0,0,2,82.3,86.9,3,15.7,1,0,45.2,1,157,0.462,1,85,Medium
1891,6,12,11.29,13.4,80.1,0,0,3,85.7,100.0,2,30.2,0,0,39.9,1,151,0.657,1,116,Medium
1892,9,18,17.02,16.7,81.2,2,3,0,72.2,49.2,0,9.4,1,1,45.3,1,63,0.98,1,212,High
1893,7,7,14.78,5.1,32.1,0,0,1,69.2,85.5,0,1.3,1,0,39.0,1,186,0.483,1,101,Medium
1894,4,8,11.56,25.6,60.6,0,0,1,49.7,40.3,1,8.5,1,1,53.5,0,95,0.692,1,120,Medium
1895,13,39,22.54,28.1,74.3,0,1,1,67.8,36.4,1,7.1,1,1,41.9,0,170,0.67,1,106,Medium
1896,17,51,71.17,69.5,49.0,0,0,0,76.4,71.5,1,27.2,1,0,40.1,2,283,0.594,1,136,Medium
1897,2,2,3.57,23.2,50.5,1,0,1,21.1,8.5,0,1.1,1,0,49.5,0,35,0.742,1,122,High
1898,5,15,20.57,34.6,66.0,1,0,1,33.2,30.7,1,20.8,0,1,33.3,2,64,0.98,1,209,High
1899,12,12,14.19,18.1,45.6,1,0,2,27.5,4.7,3,14.4,0,1,31.1,2,189,0.98,1,182,High
1900,8,16,25.83,38.7,60.4,1,0,2,85.7,83.9,0,4.9,1,0,37.6,1,128,0.683,1,138,Medium
1901,6,12,24.94,44.1,83.6,3,0,0,71.2,62.6,0,14.9,1,0,40.5,0,275,0.728,1,182,High
1902,8,16,11.39,6.0,65.0,0,0,0,50.6,80.4,1,3.0,1,0,27.7,0,277,0.358,0,4,Low
1903,18,54,78.89,0.8,39.9,0,0,1,84.3,86.9,1,17.6,0,1,43.9,0,268,0.645,1,106,Medium
1904,3,3,7.43,47.8,55.5,0,0,1,74.5,77.9,0,10.9,1,0,48.1,2,81,0.5,1,128,Medium
1905,12,24,51.59,35.7,78.8,0,0,1,92.2,88.8,3,2.1,1,0,40.2,2,117,0.483,1,108,Medium
1906,3,3,9.91,8.3,58.7,0,0,2,16.9,35.6,0,4.6,1,0,38.3,0,297,0.535,1,65,Medium
1907,6,12,11.5,41.3,60.6,0,0,2,55.8,63.1,2,17.9,1,0,30.3,0,65,0.53,1,57,Medium
1908,2,6,2.99,7.9,80.1,0,0,0,73.6,96.3,0,31.0,1,1,51.8,2,190,0.403,0,1,Medium
1909,12,36,23.09,31.7,85.7,0,0,1,28.7,44.5,0,31.6,1,1,46.4,0,257,0.576,1,80,Medium
1910,2,2,2.29,21.1,64.8,2,0,2,39.4,33.6,2,21.3,1,0,36.8,4,195,0.98,1,257,High
1911,6,18,7.99,49.8,66.1,4,0,2,47.7,58.6,2,3.7,1,0,43.1,0,225,0.966,1,227,High
1912,17,51,20.18,41.4,73.5,0,0,0,81.5,93.7,5,23.3,1,0,31.8,3,62,0.424,0,0,Medium
1913,3,3,7.09,16.4,89.8,2,0,0,54.4,68.6,0,33.8,1,0,22.1,0,246,0.553,1,121,Medium
1914,2,4,7.49,42.4,81.8,2,0,0,54.4,60.4,1,27.1,1,0,27.1,0,280,0.696,1,147,Medium
1915,8,24,10.58,42.1,75.8,4,0,3,48.8,28.6,0,14.4,0,0,22.8,0,108,0.98,1,226,High
1916,12,12,15.39,45.0,69.5,0,3,1,30.6,30.2,0,5.4,1,0,37.8,2,269,0.922,1,177,High
1917,4,12,12.72,47.6,89.7,1,0,1,93.1,94.8,0,22.6,1,0,41.8,0,100,0.469,1,106,Medium
1918,5,15,7.65,35.2,79.0,0,0,0,38.6,39.7,0,11.4,1,0,33.3,1,109,0.518,1,90,Medium
1919,13,39,15.1,4.0,93.2,1,0,0,61.1,78.3,3,11.4,0,0,38.6,0,60,0.596,1,116,Medium
1920,15,45,21.26,56.8,48.3,1,0,1,23.4,13.8,0,11.8,1,0,23.0,3,50,0.918,1,236,High
1921,16,16,67.48,32.6,95.8,1,1,1,49.1,51.1,1,12.0,1,0,46.9,0,24,0.723,1,138,High
1922,10,10,38.39,23.3,77.0,0,2,1,91.3,90.3,1,5.1,1,0,21.1,0,258,0.577,1,105,Medium
1923,16,16,33.76,16.9,86.7,2,0,0,99.6,100.0,0,9.3,1,1,42.2,0,41,0.582,1,127,Medium
1924,12,36,38.72,55.8,58.5,0,1,0,42.6,69.8,5,29.3,1,1,35.2,1,93,0.782,1,154,High
1925,17,51,47.39,34.2,98.0,0,0,2,23.9,33.2,0,11.7,1,0,26.4,0,153,0.436,0,6,Medium
1926,16,48,52.89,79.0,74.6,0,0,0,38.3,46.6,3,9.0,1,0,38.3,0,46,0.492,1,85,Medium
1927,12,12,39.91,11.6,65.2,2,0,2,39.5,24.2,3,6.4,1,0,47.3,2,162,0.858,1,220,High
1928,8,24,25.01,1.9,48.4,3,0,0,68.0,44.8,3,6.2,1,0,34.5,0,60,0.701,1,190,High
1929,3,6,5.35,30.3,84.7,1,0,0,54.7,58.5,2,18.0,0,1,32.9,0,74,0.807,1,150,High
1930,16,48,15.11,37.3,91.9,0,0,1,79.2,76.4,0,14.2,0,0,25.0,0,82,0.5,1,76,Medium
1931,13,26,32.31,47.7,69.1,0,0,3,73.1,80.0,0,13.3,1,0,40.8,0,31,0.571,1,74,Medium
1932,19,57,77.84,23.1,83.2,0,0,0,32.6,23.4,1,17.6,1,1,49.0,0,79,0.61,1,96,Medium
1933,8,8,23.26,22.8,97.4,0,0,1,80.6,100.0,0,20.8,1,1,39.6,2,199,0.407,0,0,Medium
1934,5,15,19.4,26.9,75.1,0,0,1,86.3,68.4,2,12.2,1,0,25.8,0,289,0.362,0,9,Low
1935,8,16,35.75,16.8,53.5,0,0,0,63.9,61.0,2,19.2,1,0,43.1,1,19,0.468,1,89,Medium
1936,12,24,16.86,39.4,96.0,0,0,0,93.5,87.6,0,7.8,1,0,21.1,0,96,0.259,0,2,Low
1937,1,3,3.36,24.0,82.0,2,0,3,80.5,97.0,0,22.6,1,1,49.3,1,69,0.816,1,205,High
1938,6,12,19.77,56.8,55.6,1,0,0,63.6,60.1,0,10.6,1,0,52.3,2,18,0.793,1,185,High
1939,18,36,79.67,11.8,62.2,1,0,1,91.6,82.9,1,31.4,1,0,40.9,0,194,0.509,1,98,Medium
1940,8,8,35.57,18.8,63.6,0,0,3,64.0,65.2,0,11.5,1,0,50.9,0,33,0.547,1,87,Medium
1941,7,21,23.38,24.2,51.3,0,0,0,56.9,45.1,1,5.5,0,0,23.0,0,145,0.51,1,89,Medium
1942,1,3,1.7,19.8,82.4,0,0,0,42.1,41.8,1,14.3,1,0,28.0,2,81,0.547,1,124,Medium
1943,16,48,60.07,39.9,64.3,0,0,0,89.5,87.6,0,11.0,1,1,31.1,0,299,0.455,1,99,Medium
1944,12,24,14.35,22.3,67.2,1,0,0,21.0,64.3,1,4.6,1,1,47.1,4,195,0.878,1,240,High
1945,6,18,22.13,16.0,86.3,0,0,0,52.6,45.7,1,32.2,1,1,36.9,0,150,0.448,0,3,Medium
1946,2,6,8.34,32.4,64.7,2,1,1,58.4,57.1,1,10.7,1,0,32.2,0,147,0.948,1,183,High
1947,14,14,31.03,30.9,57.9,2,0,1,59.9,63.2,4,4.5,0,0,25.5,0,78,0.892,1,198,High
1948,4,4,12.53,36.6,74.7,0,0,1,68.7,72.8,0,10.9,1,0,48.4,0,41,0.415,0,11,Medium
1949,1,1,2.39,43.2,86.6,0,1,3,55.5,71.1,0,7.9,1,0,20.7,1,296,0.67,1,124,Medium
1950,18,36,43.56,65.0,33.5,3,1,0,33.1,61.9,3,8.8,1,0,31.8,1,237,0.98,1,251,High
1951,13,39,25.33,8.4,48.6,1,0,0,87.1,75.1,0,15.2,1,1,28.5,1,284,0.67,1,146,Medium
1952,2,2,7.24,39.8,72.1,1,0,0,69.2,75.8,0,7.1,1,0,24.5,1,46,0.508,1,128,Medium
1953,9,9,38.37,9.2,85.2,1,0,0,87.2,84.7,1,20.7,1,1,26.0,2,263,0.539,1,138,Medium
1954,2,2,8.56,9.7,60.7,0,0,0,34.8,39.8,1,7.8,1,0,37.3,1,156,0.402,0,1,Medium
1955,9,27,13.02,13.8,91.2,0,0,1,67.3,84.0,0,6.2,1,0,34.9,0,62,0.327,0,2,Low
1956,1,3,4.04,2.7,90.6,0,0,2,74.3,98.7,1,12.7,1,1,38.1,0,190,0.408,0,9,Medium
1957,11,33,38.81,20.5,82.7,0,0,3,44.5,57.6,0,3.6,1,1,45.5,0,47,0.62,1,92,Medium
1958,3,6,5.21,35.8,60.4,0,0,0,83.1,87.8,1,10.9,1,0,51.2,0,111,0.323,0,0,Low
1959,4,8,4.2,9.2,83.5,0,0,2,10.2,25.6,1,10.0,1,0,24.1,1,38,0.574,1,76,Medium
1960,18,18,32.25,51.0,87.8,2,0,2,63.5,50.9,1,9.3,1,0,22.9,1,40,0.885,1,190,High
1961,6,18,25.05,12.2,92.6,1,0,0,65.2,54.3,1,5.2,1,1,31.2,1,64,0.492,1,130,Medium
1962,3,3,9.43,2.3,78.2,0,0,0,58.0,60.5,0,7.1,1,0,39.1,1,184,0.325,0,4,Low
1963,11,33,38.15,8.5,78.5,0,0,4,66.7,84.2,0,20.8,1,0,23.5,0,109,0.447,0,6,Medium
1964,15,45,26.27,9.2,76.0,1,1,1,25.1,20.7,0,6.2,1,0,45.1,0,233,0.753,1,148,High
1965,5,15,17.31,45.7,77.2,0,0,4,71.6,68.7,0,23.1,1,1,39.5,1,155,0.766,1,116,High
1966,10,20,9.04,39.0,61.7,1,0,1,40.2,10.5,1,18.4,1,0,46.2,0,238,0.745,1,126,High
1967,12,24,26.26,23.3,64.7,2,0,0,50.7,86.5,1,10.1,1,0,32.5,2,293,0.739,1,199,High
1968,15,45,46.78,33.0,53.4,0,0,0,40.0,36.6,0,23.5,1,1,34.0,0,179,0.538,1,70,Medium
1969,17,17,22.79,47.1,82.8,0,0,4,52.7,11.6,3,15.6,1,0,48.3,1,73,0.749,1,132,High
1970,10,30,38.45,31.4,83.9,1,0,0,65.9,68.4,1,10.4,1,0,29.3,4,286,0.648,1,179,Medium
1971,6,18,10.02,28.6,71.6,0,0,0,85.5,92.6,0,6.7,1,1,33.3,0,214,0.429,0,8,Medium
1972,18,18,57.84,46.0,85.3,0,0,1,53.5,50.1,0,11.4,1,1,20.5,0,96,0.641,1,110,Medium
1973,13,39,29.89,13.3,92.9,0,0,0,39.1,25.4,1,27.9,1,0,39.4,0,264,0.346,0,8,Low
1974,3,3,9.02,7.3,78.3,3,0,0,53.9,67.4,0,11.2,1,1,49.8,0,279,0.764,1,185,High
1975,10,20,11.98,27.7,69.9,0,1,1,72.0,83.7,2,32.0,1,0,21.0,1,106,0.573,1,98,Medium
1976,14,28,12.08,25.3,40.7,2,0,0,41.2,49.1,1,8.7,1,1,41.5,0,292,0.887,1,188,High
1977,6,6,24.99,12.3,82.5,0,0,1,47.3,35.8,3,19.8,1,1,49.6,0,89,0.521,1,61,Medium
1978,3,6,5.39,42.3,66.8,0,0,0,60.7,51.6,0,27.7,0,0,37.3,1,28,0.576,1,119,Medium
1979,16,32,61.32,19.1,76.2,1,1,1,36.5,31.2,1,9.6,1,0,31.0,0,229,0.74,1,129,High
1980,7,7,31.48,16.8,88.6,0,0,0,28.8,22.6,3,6.8,1,1,54.9,1,93,0.624,1,110,Medium
1981,14,28,22.15,33.9,87.5,0,0,0,22.6,32.0,0,1.5,1,0,22.3,0,147,0.404,0,12,Medium
1982,9,27,16.03,18.3,77.2,0,0,1,41.7,35.8,0,10.4,0,0,27.4,0,239,0.546,1,85,Medium
1983,15,45,48.79,3.7,45.0,0,0,0,14.4,0.2,1,17.4,1,0,51.0,0,254,0.507,1,92,Medium
1984,3,3,13.12,31.0,76.7,0,0,0,62.5,68.8,4,6.6,1,0,30.4,0,271,0.319,0,2,Low
1985,2,4,8.38,16.2,26.2,1,2,1,25.8,61.4,1,8.3,1,0,48.7,2,156,0.98,1,226,High
1986,2,6,5.32,28.5,68.7,1,0,0,44.0,32.2,1,14.2,1,0,31.7,0,253,0.579,1,116,Medium
1987,3,9,11.23,20.2,68.2,3,3,0,34.2,23.6,1,19.1,1,0,48.4,0,69,0.98,1,223,High
1988,18,36,23.44,23.2,85.7,1,0,1,66.7,64.9,0,14.1,1,1,44.0,0,31,0.611,1,119,Medium
1989,14,28,61.83,16.9,85.4,1,1,1,86.5,97.8,0,6.3,1,0,36.4,0,23,0.581,1,109,Medium
1990,18,54,78.63,39.6,59.7,1,0,1,67.0,75.5,0,8.3,1,0,38.3,1,282,0.571,1,136,Medium
1991,10,30,14.06,4.5,34.4,2,0,1,58.8,57.0,0,6.7,0,0,26.2,0,136,0.958,1,184,High
1992,2,2,3.82,11.5,70.6,0,0,1,70.2,63.7,2,13.4,1,0,24.1,0,51,0.428,0,1,Medium
1993,1,1,1.17,17.9,84.9,0,0,2,12.7,44.2,1,7.7,1,1,45.1,0,183,0.622,1,111,Medium
1994,4,12,7.22,29.4,60.3,1,0,0,21.1,38.3,5,6.9,1,0,49.7,0,274,0.654,1,131,Medium
1995,14,14,53.47,13.5,69.0,0,0,0,18.5,44.5,0,6.7,1,0,45.3,0,85,0.415,0,5,Medium
1996,1,3,2.2,27.4,33.0,2,0,1,18.8,29.3,0,30.2,1,1,52.0,1,31,0.98,1,217,High
1997,14,42,15.78,23.9,89.8,0,0,1,33.4,32.0,2,13.9,1,0,51.2,2,116,0.554,1,131,Medium
1998,16,16,33.06,43.7,79.8,0,0,1,57.9,63.9,0,24.4,1,0,47.2,0,232,0.456,1,57,Medium
1999,14,14,62.04,39.0,75.4,1,1,0,20.3,47.4,0,23.2,1,0,51.4,0,292,0.844,1,136,High
2000,3,6,9.39,43.8,68.3,0,0,0,94.2,100.0,0,23.7,1,0,25.9,2,251,0.412,0,7,Medium
2001,3,6,7.02,10.5,58.5,3,0,2,86.9,61.1,0,21.1,1,1,45.6,0,118,0.951,1,204,High
2002,9,18,12.75,12.4,99.4,4,0,1,97.4,100.0,5,32.3,1,0,46.4,0,147,0.577,1,181,Medium
2003,6,18,26.69,33.3,88.0,1,1,1,13.8,36.3,1,13.6,1,0,25.4,0,23,0.78,1,165,High
2004,13,13,49.88,7.6,68.4,0,0,0,86.6,100.0,2,13.8,1,0,51.8,1,74,0.36,0,1,Low
2005,2,6,3.68,13.0,63.3,0,0,0,82.3,62.2,3,14.1,1,0,20.3,0,290,0.35,0,1,Low
2006,8,8,8.47,18.2,72.8,0,0,0,91.2,97.0,0,3.8,1,0,35.2,0,137,0.253,0,1,Low
2007,2,6,2.02,16.1,80.0,2,0,1,57.5,72.9,1,8.2,1,0,20.8,1,139,0.695,1,182,Medium
2008,4,8,4.98,46.6,89.8,0,0,4,80.9,81.1,0,21.6,1,0,38.3,1,85,0.579,1,128,Medium
2009,15,30,44.23,31.3,71.0,0,0,2,14.6,20.3,0,10.5,1,0,34.4,1,180,0.656,1,129,Medium
2010,4,8,16.95,11.8,57.3,0,0,1,16.8,25.2,3,21.4,1,1,41.8,1,46,0.652,1,117,Medium
2011,13,39,34.29,60.3,73.1,0,0,2,20.7,8.3,0,11.2,1,0,46.8,0,188,0.774,1,124,High
2012,12,12,47.03,31.3,64.2,2,1,1,92.3,99.4,0,27.7,1,1,46.9,0,39,0.911,1,189,High
2013,13,13,31.85,10.0,20.8,0,0,0,15.5,0.7,0,24.9,0,0,45.3,0,175,0.744,1,139,High
2014,14,28,47.9,12.7,75.8,0,0,0,19.0,17.5,0,6.5,1,1,23.6,2,140,0.615,1,131,Medium
2015,18,36,63.14,47.6,28.9,1,0,1,93.7,85.1,0,4.0,1,0,34.6,1,299,0.577,1,119,Medium
2016,6,12,8.66,30.6,86.3,2,0,0,19.7,32.8,0,4.9,1,1,48.6,1,201,0.868,1,196,High
2017,11,22,23.5,25.6,86.7,2,0,1,88.3,98.3,0,3.9,1,1,42.9,3,173,0.826,1,198,High
2018,2,2,6.32,17.1,21.2,1,0,2,81.0,89.5,3,15.5,1,1,43.8,1,40,0.778,1,152,High
2019,19,57,20.17,43.4,56.5,0,0,0,13.6,17.8,0,14.8,1,1,27.9,1,77,0.647,1,114,Medium
2020,19,57,40.62,4.5,74.6,0,0,0,12.0,18.5,0,14.9,0,0,31.4,1,99,0.688,1,120,Medium
2021,5,15,13.89,9.7,65.1,4,0,0,58.1,88.2,0,13.5,1,0,53.5,0,240,0.624,1,160,Medium
2022,19,57,85.23,14.6,46.2,4,0,1,99.7,100.0,1,16.6,1,1,49.6,3,191,0.947,1,262,High
2023,2,4,5.11,10.3,61.1,1,0,0,89.1,74.7,1,6.2,1,0,25.8,1,253,0.443,0,22,Medium
2024,10,20,38.19,32.4,92.2,1,0,1,37.9,29.9,4,29.8,1,0,39.1,0,61,0.55,1,118,Medium
2025,2,4,4.8,46.0,87.0,3,1,0,44.8,41.7,1,17.3,1,0,37.2,0,292,0.975,1,211,High
2026,11,33,41.21,60.3,79.1,0,0,1,44.9,41.3,0,5.7,1,0,35.5,2,206,0.644,1,133,Medium
2027,18,36,54.05,9.9,76.9,0,0,0,76.1,63.7,0,7.6,1,0,36.5,0,188,0.257,0,12,Low
2028,15,30,61.21,30.9,68.4,1,1,4,40.7,49.5,1,15.6,1,1,42.5,0,174,0.98,1,208,High
2029,9,9,20.88,24.9,61.4,3,1,1,23.3,22.4,1,26.2,1,1,53.9,0,227,0.98,1,213,High
2030,19,19,57.68,30.9,96.8,1,0,1,77.2,80.5,0,7.5,1,0,50.6,2,105,0.596,1,135,Medium
2031,9,18,28.18,40.6,87.7,2,0,1,51.2,25.6,1,6.3,1,0,50.6,0,248,0.751,1,169,High
2032,3,3,7.03,20.8,70.7,0,1,1,16.9,0.0,2,20.4,1,0,44.6,2,179,0.874,1,180,High
2033,9,9,12.01,56.6,80.5,0,0,0,81.1,73.0,1,21.1,0,0,20.6,2,194,0.679,1,122,Medium
2034,14,28,16.05,47.1,87.0,0,0,1,62.7,71.8,1,10.7,0,1,35.4,2,123,0.758,1,137,High
2035,19,38,16.37,28.4,64.6,4,0,1,54.0,61.2,2,6.6,1,0,37.9,1,48,0.931,1,227,High
2036,7,14,28.22,34.0,81.7,0,0,1,70.6,85.7,0,8.7,1,0,49.5,1,203,0.422,0,8,Medium
2037,16,32,26.8,8.2,83.4,0,0,0,55.5,45.0,0,32.4,1,0,52.3,0,235,0.31,0,3,Low
2038,16,48,25.32,8.2,90.7,3,2,0,68.4,78.7,0,35.7,1,0,35.8,0,187,0.977,1,220,High
2039,1,3,3.52,9.2,78.4,0,1,0,88.1,100.0,0,20.1,1,0,30.5,1,183,0.457,1,90,Medium
2040,4,8,7.94,29.4,86.9,2,1,0,65.2,79.1,3,16.9,1,0,31.8,0,80,0.762,1,150,High
2041,4,4,10.69,37.6,77.9,0,0,3,69.4,50.0,0,10.8,0,1,40.3,0,282,0.734,1,104,High
2042,7,14,9.81,6.7,47.1,0,0,0,65.2,81.8,1,22.3,0,0,29.6,0,285,0.423,0,17,Medium
2043,8,16,34.81,22.5,74.0,1,0,0,57.8,62.7,1,7.4,1,0,51.9,0,140,0.444,0,10,Medium
2044,17,17,67.16,8.6,75.4,4,0,1,25.5,32.3,1,9.6,1,1,34.7,2,261,0.98,1,272,High
2045,5,15,19.98,27.4,65.5,0,0,2,40.2,77.6,1,8.9,0,1,54.7,1,286,0.81,1,161,High
2046,7,14,16.14,20.9,41.0,2,2,1,72.4,76.1,1,8.8,1,1,23.8,1,273,0.98,1,198,High
2047,4,8,14.48,31.8,92.4,0,0,0,48.3,57.8,0,4.7,1,1,26.6,0,252,0.425,0,1,Medium
2048,6,18,7.99,33.5,64.1,0,0,0,46.6,48.0,3,3.1,1,0,37.9,0,105,0.464,1,75,Medium
2049,7,21,5.82,37.2,79.3,0,1,1,78.3,74.7,0,10.9,1,1,50.4,0,230,0.708,1,115,High
2050,18,18,15.73,19.9,86.2,2,0,0,10.5,16.0,0,26.3,1,0,32.4,0,244,0.688,1,150,Medium
2051,5,15,14.85,43.1,55.9,0,0,0,71.1,64.5,1,21.8,1,0,49.3,1,169,0.461,1,88,Medium
2052,3,9,7.45,10.6,65.0,0,1,0,54.0,56.2,0,14.9,1,0,34.9,0,178,0.49,1,80,Medium
2053,7,21,19.02,21.3,80.1,2,0,3,43.9,39.4,0,11.8,1,1,49.9,0,159,0.928,1,194,High
2054,14,14,11.59,20.4,81.7,0,1,0,40.6,9.4,5,33.5,1,0,29.7,0,204,0.627,1,91,Medium
2055,7,21,16.55,24.9,64.4,0,0,1,25.6,18.2,2,16.1,0,0,36.5,0,143,0.72,1,120,High
2056,5,15,17.28,16.2,35.1,0,1,4,40.1,54.4,3,8.5,1,0,29.8,2,290,0.938,1,186,High
2057,5,5,12.19,78.4,50.2,1,0,1,45.2,53.0,0,12.1,1,0,27.5,2,211,0.814,1,183,High
2058,2,6,7.02,21.6,46.9,0,0,0,49.4,45.9,0,24.8,1,0,34.7,0,206,0.426,0,6,Medium
2059,6,18,9.97,8.1,70.9,2,0,0,70.5,72.0,2,3.1,1,0,31.7,0,269,0.546,1,130,Medium
2060,15,15,57.13,15.4,85.6,0,0,3,50.8,38.7,2,22.9,1,0,47.6,4,67,0.717,1,179,High
2061,10,20,29.77,14.8,72.8,0,0,0,81.7,71.2,1,11.9,1,1,46.2,2,123,0.522,1,101,Medium
2062,7,7,11.06,24.2,76.9,2,1,1,67.6,67.7,3,10.6,1,0,32.5,0,122,0.881,1,193,High
2063,5,15,8.38,20.5,58.6,0,0,2,27.1,23.9,4,7.4,1,1,54.7,0,203,0.789,1,149,High
2064,1,3,3.12,15.3,78.9,3,2,0,34.9,23.6,1,14.6,1,0,54.1,0,295,0.98,1,218,High
2065,13,39,50.32,56.5,42.2,0,0,1,17.1,16.1,0,15.3,1,0,52.1,1,43,0.778,1,114,High
2066,18,18,42.08,15.7,80.0,0,0,4,95.1,78.4,1,12.4,0,1,40.5,0,129,0.699,1,124,Medium
2067,13,39,22.82,32.6,69.2,0,0,1,89.8,100.0,5,7.8,1,1,34.4,1,49,0.474,1,107,Medium
2068,18,54,72.14,29.6,27.7,0,3,1,17.6,31.0,0,17.0,1,0,31.0,1,174,0.98,1,174,High
2069,5,5,16.38,32.0,69.3,0,0,2,61.7,29.1,1,26.8,0,1,20.5,2,141,0.943,1,174,High
2070,13,26,31.95,22.2,40.8,0,0,1,96.4,100.0,1,26.0,1,0,42.1,0,50,0.374,0,16,Low
2071,4,8,10.42,23.0,84.6,0,0,1,77.2,71.6,0,8.4,1,0,39.4,0,85,0.317,0,1,Low
2072,17,51,26.45,46.9,79.5,0,0,1,54.3,46.1,1,8.0,1,0,42.0,2,112,0.508,1,114,Medium
2073,3,3,9.36,17.9,66.9,0,1,0,31.7,43.0,0,13.1,1,0,40.2,0,111,0.639,1,115,Medium
2074,17,51,36.16,28.5,62.0,0,0,0,35.1,33.0,2,5.3,1,0,24.8,2,40,0.457,1,94,Medium
2075,11,11,49.32,28.6,76.8,0,1,0,76.3,70.5,1,15.9,1,0,44.3,0,190,0.497,1,95,Medium
2076,4,4,10.31,34.8,82.6,0,0,0,80.3,60.4,2,8.3,1,0,32.6,2,190,0.385,0,1,Low
2077,2,4,5.2,54.8,74.1,1,1,0,57.6,71.3,0,7.5,1,1,38.1,0,27,0.893,1,159,High
2078,16,32,46.3,11.9,54.3,1,0,1,20.9,36.4,0,22.0,1,0,32.8,0,172,0.713,1,135,High
2079,18,18,75.46,31.7,39.9,1,0,0,94.0,96.4,2,5.7,1,0,20.8,1,238,0.463,1,118,Medium
2080,8,24,30.1,28.6,79.9,0,0,2,86.0,68.5,0,17.4,1,1,50.7,2,239,0.632,1,134,Medium
2081,3,6,7.41,54.0,74.0,0,0,2,22.6,27.1,0,3.0,1,0,25.2,0,208,0.632,1,123,Medium
2082,9,27,31.13,33.8,85.8,0,0,1,15.1,24.7,0,28.8,1,0,40.4,0,139,0.499,1,94,Medium
2083,6,12,17.81,27.8,41.4,2,0,1,58.2,57.8,1,12.2,1,1,50.9,1,21,0.908,1,186,High
2084,10,20,26.22,41.4,71.4,0,0,0,35.6,48.8,0,4.4,1,0,27.7,2,252,0.599,1,136,Medium
2085,10,30,15.12,20.4,76.3,0,0,1,35.5,38.0,1,11.9,1,0,34.4,0,69,0.428,0,4,Medium
2086,13,26,32.72,30.5,53.9,0,0,1,17.8,22.4,1,31.2,1,0,33.2,0,232,0.644,1,110,Medium
2087,17,34,29.06,22.0,63.4,3,0,2,95.8,100.0,1,5.3,1,1,23.1,0,231,0.804,1,177,High
2088,9,27,37.66,49.5,50.9,1,0,0,84.7,77.3,3,17.5,1,1,34.8,0,184,0.676,1,141,Medium
2089,17,34,34.7,10.5,98.4,0,3,1,20.2,0.0,0,14.0,1,0,36.8,0,20,0.832,1,136,High
2090,9,18,38.91,36.1,50.9,0,0,1,88.9,86.4,1,8.2,1,0,20.9,0,278,0.379,0,17,Low
2091,9,18,24.95,50.6,61.2,2,0,1,71.5,63.0,0,12.4,1,0,37.1,1,142,0.74,1,177,High
2092,1,3,3.14,25.8,84.9,0,0,0,39.3,18.0,3,12.4,1,0,23.3,1,89,0.405,0,1,Medium
2093,2,2,5.62,38.2,57.6,0,0,1,88.4,97.7,3,2.7,1,0,51.2,1,230,0.412,0,12,Medium
2094,16,48,20.46,4.8,32.4,1,0,1,63.8,63.8,0,6.8,1,1,42.8,0,54,0.718,1,124,High
2095,1,1,2.19,41.5,76.3,0,0,1,86.4,59.1,0,9.0,1,1,22.0,1,198,0.53,1,108,Medium
2096,10,20,11.67,45.9,87.0,0,0,1,52.2,75.4,0,25.8,1,0,48.9,1,94,0.544,1,106,Medium
2097,18,18,55.89,24.6,45.1,0,0,0,55.1,44.2,2,37.0,1,1,32.7,2,287,0.655,1,144,Medium
2098,8,24,19.63,26.2,85.2,2,1,0,36.2,27.0,1,4.4,1,0,27.9,0,118,0.841,1,175,High
2099,11,33,40.46,28.8,68.7,0,0,0,44.9,59.0,3,18.9,1,1,28.9,0,23,0.491,1,108,Medium
2100,2,4,3.23,15.0,82.9,2,2,0,61.1,67.5,0,4.0,1,0,40.9,1,152,0.936,1,200,High
2101,8,8,11.27,14.3,92.6,1,1,0,95.2,100.0,1,32.7,1,0,22.9,0,63,0.49,1,106,Medium
2102,8,16,18.43,45.2,94.4,3,0,0,64.0,31.3,1,15.1,1,0,22.1,3,172,0.871,1,238,High
2103,17,34,71.88,21.0,58.3,2,0,0,23.3,19.0,3,10.5,1,0,42.0,1,279,0.789,1,164,High
2104,15,45,51.43,28.0,89.6,0,0,1,10.6,12.6,0,9.0,1,1,54.4,1,188,0.645,1,116,Medium
2105,17,17,39.95,2.0,84.6,0,0,2,86.6,100.0,0,11.7,1,1,36.9,1,296,0.499,1,91,Medium
2106,13,13,35.28,20.2,65.5,1,0,0,42.8,30.1,3,7.4,1,0,34.5,0,206,0.512,1,123,Medium
2107,19,19,21.12,4.3,85.2,1,0,0,38.3,33.2,0,9.7,1,1,53.2,0,176,0.609,1,122,Medium
2108,5,5,22.21,20.0,77.8,0,0,2,82.1,84.2,1,5.3,1,0,28.4,1,241,0.478,1,82,Medium
2109,12,24,39.19,20.3,91.6,2,0,1,95.1,100.0,1,16.3,1,1,28.4,0,142,0.659,1,146,Medium
2110,1,2,1.86,28.4,60.1,0,1,0,77.3,60.7,0,9.2,1,0,51.7,1,41,0.555,1,93,Medium
2111,5,15,14.84,16.3,89.4,0,2,1,25.6,37.8,0,12.9,1,0,42.6,2,98,0.897,1,170,High
2112,8,16,9.64,55.6,82.9,1,0,0,45.2,36.3,1,23.9,0,1,21.9,0,230,0.876,1,172,High
2113,13,26,56.86,14.7,88.6,0,0,1,78.3,83.9,0,17.4,0,0,43.6,0,183,0.454,1,78,Medium
2114,8,24,11.57,13.0,53.2,0,0,4,91.6,88.7,0,6.6,1,1,48.7,2,97,0.664,1,116,Medium
2115,11,33,35.17,46.6,48.8,3,1,0,99.9,100.0,2,16.5,0,0,29.6,0,32,0.98,1,207,High
2116,1,3,1.71,28.4,67.1,1,2,3,56.0,59.2,5,13.3,1,1,33.4,0,55,0.98,1,166,High
2117,13,26,44.91,74.3,61.2,3,0,0,84.0,100.0,2,2.6,1,0,26.9,0,32,0.753,1,172,High
2118,19,38,69.81,17.1,32.2,1,0,1,14.2,10.7,2,16.7,1,0,42.2,1,203,0.769,1,161,High
2119,3,9,9.87,15.6,47.2,1,0,1,35.7,31.2,3,12.2,0,0,43.2,4,214,0.931,1,241,High
2120,17,51,52.25,4.8,78.2,1,0,2,43.4,59.4,2,8.7,1,0,22.4,0,67,0.636,1,117,Medium
2121,5,15,20.51,22.4,55.1,0,0,0,97.8,100.0,5,17.8,1,0,43.7,3,94,0.43,0,5,Medium
2122,8,16,8.73,27.3,87.5,0,0,1,10.3,4.4,2,7.3,1,0,43.0,0,283,0.553,1,98,Medium
2123,14,28,28.34,5.8,94.1,0,2,2,37.7,48.1,1,16.9,1,1,21.2,1,296,0.973,1,174,High
2124,4,4,6.87,31.0,83.3,4,0,1,93.7,80.9,1,24.5,1,0,39.4,0,126,0.821,1,205,High
2125,11,22,49.01,18.2,82.3,0,1,0,37.6,48.1,3,5.8,1,0,41.5,0,104,0.57,1,86,Medium
2126,15,30,33.61,21.2,57.5,0,0,0,30.3,44.1,1,16.3,1,1,35.1,2,261,0.648,1,130,Medium
2127,19,38,66.7,24.7,96.3,1,0,1,75.7,71.6,2,1.4,1,1,51.5,0,70,0.514,1,115,Medium
2128,7,21,23.33,27.7,59.5,0,0,2,77.1,93.8,0,10.9,1,0,31.5,0,203,0.363,0,0,Low
2129,19,38,30.11,11.4,78.8,0,1,1,52.5,48.6,3,13.6,1,0,22.4,1,163,0.51,1,118,Medium
2130,19,57,32.0,19.3,59.2,0,0,1,95.2,95.6,0,1.9,1,0,43.5,0,278,0.338,0,20,Low
2131,11,11,20.25,28.2,85.1,2,1,0,28.2,34.1,0,8.4,1,0,41.2,0,239,0.83,1,162,High
2132,5,5,11.61,37.8,66.2,0,1,1,92.2,77.8,2,11.5,1,0,54.6,2,206,0.667,1,116,Medium
2133,5,15,8.34,29.9,57.7,0,0,0,78.0,57.6,0,8.5,0,1,28.1,1,84,0.733,1,124,High
2134,8,24,6.98,22.8,93.4,0,1,1,43.1,47.3,0,6.0,0,0,33.8,0,20,0.757,1,101,High
2135,10,30,40.54,13.2,75.8,0,1,4,82.6,71.5,0,19.3,1,0,36.1,4,36,0.849,1,186,High
2136,6,12,26.24,58.4,47.4,0,0,2,22.0,3.7,0,4.2,1,0,50.2,0,188,0.743,1,119,High
2137,15,15,30.96,67.1,85.4,3,0,0,21.8,33.3,0,15.0,1,0,34.5,2,109,0.934,1,223,High
2138,16,48,32.84,11.9,60.6,0,1,1,93.7,100.0,1,9.4,1,1,47.0,0,203,0.584,1,102,Medium
2139,17,34,14.05,25.0,95.9,0,1,0,18.5,31.4,2,11.5,1,1,25.5,0,83,0.607,1,91,Medium
2140,8,8,26.54,66.9,74.5,4,0,0,10.4,0.0,0,14.6,1,0,34.3,0,100,0.966,1,244,High
2141,8,16,30.83,18.9,81.5,1,1,0,45.0,47.7,1,22.4,0,0,25.4,1,71,0.944,1,174,High
2142,9,9,12.08,35.3,84.7,0,1,0,19.3,14.7,2,8.5,1,0,53.2,1,126,0.755,1,144,High
2143,2,4,2.78,33.6,42.4,0,0,1,87.7,74.9,0,5.4,1,0,26.2,0,167,0.436,0,3,Medium
2144,15,15,55.85,31.9,61.4,2,0,1,93.0,94.3,1,12.0,1,0,34.7,0,167,0.687,1,147,Medium
2145,18,18,55.44,57.1,63.3,0,0,3,53.4,52.4,0,12.1,1,1,22.9,1,107,0.811,1,137,High
2146,3,6,2.9,27.6,67.4,1,0,0,48.3,44.8,1,27.9,1,0,52.2,2,175,0.662,1,154,Medium
2147,17,51,52.76,23.4,79.5,0,0,0,58.5,73.3,0,5.6,0,1,41.8,1,22,0.65,1,125,Medium
2148,4,4,7.77,29.3,66.7,0,1,0,30.4,49.9,4,17.4,1,0,53.7,0,134,0.571,1,74,Medium
2149,4,12,8.66,23.4,46.6,1,0,0,36.8,32.0,0,13.9,1,0,21.5,1,155,0.627,1,161,Medium
2150,14,28,51.07,40.1,72.6,0,1,4,19.1,16.4,1,21.4,1,0,26.1,1,254,0.889,1,184,High
2151,9,27,34.2,9.7,50.3,0,0,0,50.2,46.5,0,5.4,1,1,33.3,0,131,0.428,0,3,Medium
2152,9,27,20.53,17.1,85.8,2,1,3,65.1,72.8,1,11.3,1,0,41.7,1,128,0.98,1,223,High
2153,18,54,77.48,25.2,91.0,0,1,0,93.7,98.7,0,23.5,1,0,31.5,0,41,0.427,0,7,Medium
2154,10,30,23.04,36.1,61.0,0,1,0,76.5,65.9,0,2.3,1,0,44.9,0,237,0.46,1,53,Medium
2155,4,12,14.62,18.8,75.1,1,1,0,75.1,73.2,0,4.7,1,0,25.8,1,170,0.656,1,163,Medium
2156,12,12,31.08,38.2,80.8,1,1,2,37.7,15.2,0,16.8,1,0,41.0,1,227,0.925,1,192,High
2157,8,8,32.97,21.7,86.0,0,0,0,89.9,66.3,2,4.3,1,0,33.9,4,194,0.436,0,7,Medium
2158,2,2,8.32,69.3,68.4,1,0,3,95.2,77.5,0,11.8,0,1,37.8,0,299,0.917,1,175,High
2159,13,26,14.6,31.5,82.1,0,0,1,93.9,90.1,2,6.5,1,0,39.9,1,107,0.382,0,1,Low
2160,16,48,68.24,59.2,33.6,1,0,0,13.5,22.7,1,13.7,1,1,22.1,0,203,0.86,1,158,High
2161,2,2,7.71,34.9,65.7,2,0,1,64.4,52.7,0,31.2,1,1,52.3,1,258,0.88,1,198,High
2162,11,22,41.01,11.4,72.8,2,0,0,67.9,66.0,0,7.6,1,0,47.5,0,164,0.621,1,122,Medium
2163,10,10,15.43,10.6,35.1,1,1,0,36.6,39.9,3,6.9,1,0,35.5,0,214,0.803,1,162,High
2164,15,15,56.68,24.1,68.2,0,0,2,99.3,100.0,1,22.6,1,0,39.2,0,59,0.308,0,2,Low
2165,17,51,67.07,44.5,68.8,0,1,1,36.2,37.0,0,5.7,0,0,21.1,1,95,0.936,1,150,High
2166,8,16,14.96,17.9,83.9,0,0,1,29.5,31.0,1,4.5,0,0,37.4,1,229,0.617,1,133,Medium
2167,18,54,77.82,6.5,31.1,0,0,0,53.6,44.5,2,6.4,1,1,34.9,2,245,0.61,1,142,Medium
2168,9,27,8.86,60.5,58.2,0,0,0,39.1,66.7,0,15.7,1,0,33.1,0,44,0.56,1,87,Medium
2169,8,8,10.84,9.8,75.9,3,0,0,93.2,100.0,1,6.6,1,0,48.5,0,156,0.575,1,136,Medium
2170,14,42,39.05,25.9,72.9,2,0,1,49.6,32.9,0,14.1,1,0,26.4,0,231,0.769,1,169,High
2171,18,36,52.75,24.6,85.7,0,0,2,46.9,69.4,0,17.0,1,1,26.2,1,160,0.584,1,109,Medium
2172,12,36,38.24,4.9,77.4,1,0,1,66.3,77.1,0,9.6,1,0,38.3,0,174,0.504,1,126,Medium
2173,19,57,16.39,36.5,94.3,1,0,2,17.3,20.8,2,9.2,1,1,44.1,0,180,0.8,1,164,High
2174,14,42,60.95,16.1,59.9,0,0,0,78.1,88.0,1,11.3,1,0,20.8,0,130,0.279,0,14,Low
2175,17,17,16.4,9.9,73.8,0,0,0,79.2,96.2,0,32.1,0,0,39.1,1,67,0.464,1,106,Medium
2176,3,6,3.99,67.8,97.2,0,0,0,52.7,41.4,0,8.4,1,1,30.5,1,157,0.535,1,116,Medium
2177,7,7,5.96,47.4,54.9,0,0,2,96.0,90.2,1,11.7,1,0,46.5,1,47,0.52,1,77,Medium
2178,17,17,49.26,24.6,76.6,1,1,2,62.1,61.5,0,27.7,1,0,36.4,0,283,0.802,1,155,High
2179,12,12,50.99,62.3,77.0,4,0,0,72.6,54.0,1,29.0,1,0,49.2,1,213,0.866,1,248,High
2180,9,9,29.38,9.1,81.1,0,2,0,93.2,100.0,0,7.9,1,1,33.9,1,206,0.675,1,118,Medium
2181,15,15,57.66,21.4,91.5,1,1,1,70.0,65.9,2,5.6,1,0,48.9,0,161,0.739,1,123,High
2182,18,36,15.28,29.7,75.8,0,0,2,48.9,43.1,0,19.5,1,0,45.1,0,99,0.589,1,130,Medium
2183,13,39,36.47,42.6,75.7,2,0,2,12.2,2.6,1,11.1,1,1,49.0,0,70,0.98,1,216,High
2184,8,8,20.0,31.8,69.4,2,0,0,75.5,75.0,0,27.2,1,0,48.4,1,72,0.659,1,163,Medium
2185,14,14,37.05,20.8,74.8,0,0,1,96.8,99.1,2,3.9,1,0,37.0,0,23,0.302,0,9,Low
2186,8,16,8.54,6.7,86.9,2,0,2,52.3,67.2,2,5.6,1,0,32.9,0,146,0.725,1,151,High
2187,14,28,46.65,26.8,91.7,0,2,0,40.6,56.0,0,11.9,1,0,46.8,0,85,0.739,1,142,High
2188,7,21,18.63,13.8,71.7,0,0,1,56.7,39.7,1,12.7,1,0,32.7,0,205,0.396,0,1,Low
2189,12,24,43.57,9.7,91.3,1,3,0,75.6,82.5,0,7.2,1,1,23.1,0,118,0.765,1,139,High
2190,11,33,28.55,29.9,64.5,0,1,0,10.1,28.5,0,13.2,1,0,50.1,2,261,0.701,1,136,High
2191,11,11,14.88,26.1,73.0,0,2,3,89.8,86.5,3,20.3,1,0,33.9,0,75,0.832,1,151,High
2192,13,13,41.58,17.5,88.0,1,0,3,89.8,87.3,0,12.3,1,0,24.6,0,278,0.611,1,115,Medium
2193,18,54,25.88,56.0,72.0,0,0,1,58.7,52.7,0,20.1,1,1,42.6,1,104,0.655,1,118,Medium
2194,2,4,8.06,31.6,52.3,0,1,0,21.0,29.1,0,9.4,1,0,51.1,2,297,0.811,1,165,High
2195,15,45,46.03,8.5,85.0,0,1,1,70.5,74.8,1,21.7,1,0,50.1,2,59,0.612,1,135,Medium
2196,18,36,24.87,21.2,82.7,0,0,0,22.4,37.1,3,15.4,1,1,39.4,0,284,0.436,0,0,Medium
2197,15,15,65.41,59.0,41.3,0,1,0,55.7,54.0,0,6.3,1,1,23.1,0,86,0.85,1,144,High
2198,19,38,51.64,44.3,66.9,0,0,0,18.4,37.3,1,15.2,1,1,44.4,1,66,0.623,1,103,Medium
2199,12,36,12.84,72.9,69.6,2,0,1,63.0,72.0,0,11.8,1,0,41.3,0,195,0.774,1,180,High
2200,13,39,40.55,30.5,80.5,2,0,0,38.6,56.2,0,13.1,1,0,27.4,1,144,0.726,1,167,High
2201,11,11,19.11,32.4,33.5,0,2,1,84.8,75.9,1,11.7,1,0,51.5,0,62,0.807,1,133,High
2202,5,10,18.87,20.0,88.6,0,0,0,82.0,100.0,1,8.1,1,0,23.0,1,201,0.218,0,4,Low
2203,1,2,3.83,38.2,49.5,1,1,2,99.9,91.6,0,31.8,1,0,33.1,3,94,0.97,1,230,High
2204,3,6,13.27,13.8,94.9,3,0,3,33.2,25.6,2,14.1,1,0,23.3,0,151,0.874,1,212,High
2205,19,19,50.48,6.2,41.2,0,0,1,15.6,9.7,0,12.2,1,0,51.9,1,117,0.652,1,113,Medium
2206,7,14,17.38,38.5,76.1,2,2,1,49.9,42.4,0,5.0,1,1,21.2,0,16,0.98,1,181,High
2207,12,36,43.05,53.0,57.1,0,0,0,17.5,45.9,5,16.3,1,1,34.9,0,89,0.614,1,82,Medium
2208,15,30,19.35,12.9,95.8,3,0,1,26.1,33.9,2,3.1,1,0,50.2,1,235,0.829,1,208,High
2209,5,5,14.12,16.9,43.3,0,0,3,63.8,71.2,2,17.5,1,0,28.8,3,284,0.717,1,147,High
2210,15,30,42.32,31.5,85.2,4,1,0,63.3,34.9,1,5.6,1,1,23.7,2,266,0.98,1,266,High
2211,8,16,9.05,60.9,83.1,0,0,1,13.9,33.2,0,5.8,1,0,24.4,1,178,0.584,1,110,Medium
2212,10,30,23.47,3.6,84.6,3,0,0,49.9,34.3,1,4.4,1,0,34.2,0,47,0.697,1,175,Medium
2213,16,32,63.31,8.8,71.9,0,0,0,57.7,57.2,0,36.9,1,1,35.0,0,205,0.431,0,3,Medium
2214,8,24,31.74,36.3,42.4,0,0,1,34.1,23.5,2,24.4,0,0,45.1,2,249,0.86,1,183,High
2215,1,3,1.17,32.6,67.2,2,0,3,88.5,92.1,1,8.2,1,0,28.3,0,32,0.682,1,151,Medium
2216,12,12,13.63,2.7,65.8,1,2,0,24.5,47.5,4,12.8,1,1,44.6,1,231,0.98,1,200,High
2217,5,15,8.86,33.7,46.2,1,0,1,32.9,18.5,1,15.9,1,0,55.0,1,19,0.794,1,167,High
2218,3,9,12.11,22.4,69.4,0,0,3,24.1,13.3,0,6.0,1,0,50.2,1,191,0.681,1,142,Medium
2219,1,1,1.28,13.9,64.1,1,1,1,20.5,22.6,1,1.4,0,1,42.2,0,87,0.98,1,179,High
2220,4,12,13.86,8.8,66.8,3,0,2,89.1,100.0,0,8.2,1,0,52.9,1,284,0.746,1,206,High
2221,8,8,9.39,19.7,93.1,0,0,0,35.0,28.6,2,5.0,1,0,54.7,1,46,0.441,0,9,Medium
2222,3,6,9.32,31.2,69.1,1,1,3,75.0,64.3,1,7.9,1,1,40.0,0,151,0.89,1,168,High
2223,10,10,21.17,28.8,36.7,2,0,0,48.5,51.0,0,12.7,0,0,29.6,0,123,0.937,1,185,High
2224,2,6,7.44,43.9,94.8,1,0,4,67.2,67.3,4,3.1,1,0,52.0,1,123,0.704,1,143,High
2225,11,11,18.31,15.6,68.0,2,0,0,93.5,78.1,3,10.3,1,0,49.5,2,151,0.678,1,170,Medium
2226,10,30,31.65,27.9,96.3,2,0,1,86.0,79.9,4,10.8,1,0,23.0,0,122,0.627,1,150,Medium
2227,14,28,23.41,59.5,91.0,1,0,0,16.2,0.0,0,15.0,1,1,52.8,0,46,0.816,1,155,High
2228,7,7,24.08,7.8,85.9,1,2,1,86.1,85.6,1,12.4,1,1,32.8,0,152,0.889,1,158,High
2229,2,4,8.07,25.9,68.7,3,0,0,50.7,32.0,3,13.4,0,0,31.3,4,107,0.98,1,296,High
2230,9,27,11.42,23.9,60.2,2,1,3,41.5,78.5,1,11.4,1,0,32.0,1,228,0.98,1,207,High
2231,16,48,64.1,24.6,50.3,2,0,0,70.5,78.8,0,16.1,1,0,31.2,1,83,0.696,1,168,Medium
2232,13,26,38.95,14.9,52.9,0,2,1,95.5,99.3,2,14.7,1,0,38.1,0,281,0.738,1,109,High
2233,9,9,11.43,22.8,89.3,0,1,0,18.5,26.4,3,4.4,1,0,40.3,0,200,0.541,1,86,Medium
2234,4,4,9.53,54.0,78.6,1,1,2,79.1,71.7,1,19.7,1,0,34.9,1,298,0.831,1,159,High
2235,10,30,13.95,40.7,74.9,1,0,1,28.3,26.2,0,10.1,1,1,34.4,2,176,0.926,1,197,High
2236,12,24,40.7,59.0,75.8,0,0,4,44.2,51.8,0,20.8,1,0,45.8,0,120,0.659,1,93,Medium
2237,17,34,61.33,44.3,76.6,0,0,1,88.6,74.0,1,13.1,1,1,20.1,4,206,0.66,1,160,Medium
2238,14,14,16.68,24.5,42.7,0,1,0,59.1,69.3,1,21.1,1,0,53.1,0,152,0.59,1,86,Medium
2239,14,14,37.42,26.4,75.9,1,1,0,16.1,47.7,1,18.5,0,1,45.0,0,296,0.98,1,169,High
2240,2,2,7.63,54.4,95.8,2,0,1,55.7,33.5,0,6.4,1,1,44.8,2,57,0.947,1,211,High
2241,11,22,46.9,13.4,53.8,2,1,1,81.1,89.1,0,7.1,1,0,34.8,1,247,0.83,1,184,High
2242,16,16,43.2,20.1,53.0,0,2,2,57.6,45.3,0,22.9,0,0,53.8,2,126,0.98,1,157,High
2243,19,19,82.0,32.5,73.6,0,0,0,25.0,35.4,0,17.0,1,0,20.0,2,76,0.536,1,124,Medium
2244,6,18,16.69,21.7,59.8,0,0,1,50.1,55.2,1,23.6,1,0,22.7,1,251,0.553,1,107,Medium
2245,19,19,42.91,28.2,81.7,0,1,3,93.2,100.0,0,5.8,1,0,48.1,0,209,0.618,1,103,Medium
2246,5,5,19.69,18.7,63.0,1,0,0,69.2,94.7,1,8.7,1,0,45.9,1,203,0.437,0,16,Medium
2247,4,8,10.5,23.5,75.9,0,1,0,75.7,54.0,2,10.2,1,0,29.5,1,232,0.588,1,124,Medium
2248,15,30,38.19,9.6,88.6,0,1,1,80.7,92.2,0,15.1,1,0,40.8,1,213,0.541,1,93,Medium
2249,4,12,10.46,21.7,81.5,0,0,0,18.2,29.4,3,7.5,1,0,38.6,1,216,0.437,0,3,Medium
2250,10,10,39.33,27.7,81.8,0,0,1,62.3,80.1,2,19.5,1,1,38.4,2,61,0.608,1,130,Medium
2251,3,9,11.63,21.9,48.6,0,0,1,43.8,50.9,1,13.6,1,0,40.8,2,269,0.589,1,147,Medium
2252,5,10,11.47,13.7,69.5,0,2,4,22.5,31.4,3,13.7,1,0,54.8,1,244,0.98,1,189,High
2253,6,18,12.2,24.4,94.6,0,0,2,28.2,12.7,0,13.9,1,0,54.6,1,299,0.677,1,134,Medium
2254,8,16,20.96,15.6,83.7,0,0,1,80.3,86.6,0,10.1,1,0,54.4,1,205,0.387,0,0,Low
2255,7,21,20.43,11.7,87.4,0,1,0,24.5,21.3,0,14.3,0,0,39.2,0,39,0.751,1,115,High
2256,10,30,16.82,37.5,92.1,1,0,0,38.1,48.4,1,16.5,1,0,31.1,4,124,0.785,1,200,High
2257,6,6,22.43,7.9,91.6,4,0,2,35.6,34.2,1,9.0,1,0,39.6,1,274,0.891,1,234,High
2258,14,42,36.4,20.5,86.0,0,0,1,14.4,21.1,1,7.5,0,0,41.8,2,83,0.761,1,122,High
2259,4,4,8.14,28.8,35.8,1,0,2,51.6,60.8,0,10.9,1,0,30.9,1,77,0.755,1,173,High
2260,13,13,15.54,34.5,64.5,2,0,1,78.9,88.4,0,11.0,0,0,42.1,1,276,0.846,1,190,High
2261,17,17,28.62,68.3,95.8,0,0,0,12.0,0.8,0,18.2,1,0,41.8,1,32,0.584,1,101,Medium
2262,7,7,30.19,34.4,52.7,0,2,0,20.1,56.4,0,9.2,0,0,51.6,1,50,0.98,1,169,High
2263,4,12,7.72,7.7,68.7,0,0,0,74.8,78.6,2,19.2,1,0,28.3,0,102,0.271,0,2,Low
2264,14,28,19.95,36.9,52.9,0,0,2,63.4,72.9,1,21.4,1,0,44.4,0,199,0.46,1,74,Medium
2265,3,6,7.51,45.2,57.3,1,0,1,74.4,75.3,0,11.4,1,0,35.8,0,172,0.584,1,107,Medium
2266,5,10,9.68,26.9,64.4,0,0,0,30.7,14.1,0,13.5,1,0,24.5,0,262,0.445,0,2,Medium
2267,16,48,14.88,22.6,91.7,2,0,1,82.3,94.0,0,19.0,1,0,31.1,0,72,0.516,1,112,Medium
2268,4,4,7.98,27.8,76.3,0,0,2,53.2,57.2,1,23.3,1,1,22.0,0,226,0.588,1,94,Medium
2269,2,4,5.63,35.6,76.0,2,2,1,64.9,78.2,5,12.6,1,0,31.2,2,229,0.98,1,220,High
2270,18,54,51.14,41.7,76.5,3,0,1,18.3,8.3,0,7.8,1,1,22.4,4,150,0.98,1,293,High
2271,19,19,40.27,26.2,74.6,4,0,0,28.5,23.5,2,18.8,1,0,52.4,1,269,0.797,1,229,High
2272,19,38,46.65,39.0,43.3,2,0,2,79.6,83.6,2,11.5,1,0,23.6,0,204,0.784,1,149,High
2273,17,17,74.33,7.0,30.2,0,0,1,30.2,30.9,0,7.1,1,0,48.6,0,125,0.573,1,99,Medium
2274,14,28,30.75,17.4,68.7,1,0,2,18.3,14.0,3,23.3,1,0,51.7,1,290,0.8,1,167,High
2275,19,38,33.35,18.6,79.3,0,0,2,63.7,67.7,1,13.9,1,0,36.4,0,194,0.426,0,0,Medium
2276,13,26,22.11,9.2,83.5,2,0,2,59.3,80.7,4,24.7,1,1,21.9,0,98,0.774,1,161,High
2277,12,12,29.92,28.2,75.8,0,0,4,64.7,71.6,1,17.9,0,0,40.9,0,98,0.672,1,121,Medium
2278,6,18,21.66,33.3,75.5,0,0,1,65.6,83.2,0,11.7,1,0,28.2,0,76,0.418,0,14,Medium
2279,4,4,6.25,52.0,40.4,2,0,0,55.0,52.5,4,20.3,0,1,26.2,0,152,0.98,1,195,High
2280,19,38,65.06,26.6,59.3,0,0,0,54.4,55.2,0,18.8,0,1,39.8,0,147,0.631,1,80,Medium
2281,16,16,14.05,37.1,58.2,0,0,0,93.2,96.8,3,6.6,1,0,32.5,2,160,0.462,1,110,Medium
2282,13,39,30.55,36.4,88.2,0,1,0,58.0,51.3,0,17.7,1,0,45.6,1,103,0.6,1,110,Medium
2283,4,4,14.68,22.3,36.0,1,1,0,65.6,69.4,1,30.3,1,1,40.7,0,269,0.835,1,141,High
2284,17,51,34.91,31.6,76.0,1,2,1,34.0,57.5,0,11.8,1,0,49.0,0,223,0.98,1,179,High
2285,1,3,2.89,13.5,74.3,1,0,0,88.4,100.0,4,18.8,1,0,22.0,1,275,0.413,0,3,Medium
2286,18,18,28.05,48.3,73.5,2,0,1,12.2,32.8,0,34.0,1,1,28.2,0,265,0.903,1,185,High
2287,17,34,60.27,52.7,75.8,0,0,2,60.2,64.8,0,10.3,1,1,39.8,1,35,0.673,1,103,Medium
2288,15,45,14.9,34.2,44.1,0,1,1,44.5,33.7,1,14.5,1,0,50.8,0,114,0.679,1,108,Medium
2289,11,11,43.5,35.7,90.1,1,0,3,64.4,100.0,4,14.0,1,0,48.5,0,289,0.67,1,130,Medium
2290,13,39,19.93,12.0,86.0,1,0,0,42.4,34.7,0,13.0,1,1,43.8,0,165,0.543,1,98,Medium
2291,1,2,4.04,44.2,88.1,0,0,1,74.6,97.5,0,33.7,1,0,40.1,0,175,0.447,0,8,Medium
2292,17,17,35.77,22.1,74.4,0,0,0,11.8,17.3,1,4.8,1,0,42.1,2,253,0.529,1,97,Medium
2293,6,6,20.84,38.2,90.2,0,0,1,46.5,31.0,0,12.0,1,1,27.5,2,49,0.673,1,107,Medium
2294,4,4,7.92,23.0,75.5,0,0,1,84.8,62.6,2,11.3,1,0,40.8,3,56,0.589,1,128,Medium
2295,16,32,66.43,28.6,98.6,0,0,0,32.5,53.4,0,11.5,0,1,37.3,1,141,0.673,1,99,Medium
2296,15,45,19.03,26.7,52.5,0,1,0,14.7,6.1,1,6.7,1,1,33.5,1,232,0.837,1,160,High
2297,15,15,21.91,11.5,66.2,0,1,1,54.7,35.8,1,21.9,1,1,51.1,0,100,0.717,1,127,High
2298,6,18,15.75,56.9,81.8,0,0,2,97.9,93.9,0,17.7,0,1,49.0,1,217,0.726,1,111,High
2299,15,45,16.55,27.0,85.6,1,0,1,15.8,15.7,1,8.1,1,0,22.7,2,63,0.647,1,140,Medium
2300,14,28,21.35,40.8,56.0,2,0,0,16.3,21.9,2,9.3,1,1,54.5,0,220,0.95,1,177,High
2301,11,11,47.21,32.4,82.3,0,0,1,63.6,68.4,0,6.1,1,1,28.0,0,119,0.407,0,1,Medium
2302,7,21,30.89,9.2,77.7,0,0,0,32.5,21.5,0,10.0,0,1,27.5,0,63,0.579,1,98,Medium
2303,9,9,19.73,6.4,56.7,3,0,3,46.9,46.9,0,14.4,1,1,53.0,2,85,0.98,1,264,High
2304,16,16,67.46,3.7,67.7,0,0,2,84.7,100.0,2,5.2,1,1,35.6,1,98,0.475,1,96,Medium
2305,5,10,14.08,15.6,70.7,4,0,0,27.9,12.1,0,10.6,0,0,48.2,2,188,0.98,1,262,High
2306,10,10,17.98,19.7,73.3,0,0,0,74.7,81.8,3,31.9,1,0,30.1,0,266,0.352,0,4,Low
2307,18,18,61.18,20.2,30.4,2,0,1,55.4,39.6,1,4.0,0,0,50.6,2,169,0.98,1,227,High
2308,3,9,9.71,42.5,44.4,0,0,0,91.4,85.2,0,8.6,1,0,49.1,0,228,0.371,0,0,Low
2309,13,26,57.98,20.7,75.3,0,1,3,97.6,100.0,1,14.9,1,0,38.2,0,205,0.671,1,105,Medium
2310,11,11,19.59,3.3,78.7,4,0,2,53.6,23.1,1,10.3,1,0,44.7,0,115,0.835,1,214,High
2311,17,51,55.87,18.6,63.9,3,0,0,62.6,94.1,3,5.0,1,1,53.7,0,209,0.818,1,190,High
2312,13,26,12.9,3.8,74.3,0,0,0,77.1,57.7,1,14.5,1,0,35.8,0,169,0.305,0,12,Low
2313,6,12,7.32,41.3,93.2,3,0,2,38.7,8.6,0,11.5,1,0,37.3,0,21,0.892,1,204,High
2314,17,51,13.85,67.5,94.3,0,0,1,30.4,30.7,1,8.6,1,1,45.3,2,137,0.736,1,137,High
2315,13,39,58.47,29.4,62.4,1,0,1,96.8,90.4,1,10.1,1,0,33.5,2,293,0.559,1,141,Medium
2316,19,57,71.6,39.3,94.2,0,0,0,48.9,39.6,2,10.2,0,0,53.6,1,141,0.63,1,121,Medium
2317,19,57,70.51,17.9,58.4,0,0,0,10.1,19.7,3,7.2,1,0,21.4,0,230,0.484,1,91,Medium
2318,10,30,26.86,24.8,26.8,1,1,1,85.4,71.5,0,22.6,1,0,34.1,0,256,0.807,1,148,High
2319,3,3,5.73,18.6,98.0,0,0,1,64.0,72.5,0,24.1,1,1,45.0,0,178,0.354,0,14,Low
2320,14,14,19.04,62.5,77.7,0,0,0,25.2,37.6,1,2.2,1,1,35.0,1,25,0.695,1,136,Medium
2321,19,38,35.21,33.8,50.5,0,1,0,12.7,0.0,3,12.1,1,1,29.1,1,277,0.859,1,153,High
2322,5,5,10.96,2.9,92.0,0,0,1,36.2,51.6,4,26.6,1,1,34.5,1,60,0.423,0,4,Medium
2323,5,5,17.99,21.9,62.3,1,3,1,93.5,100.0,4,9.5,0,0,50.9,0,268,0.956,1,155,High
2324,17,17,47.54,24.8,65.6,0,0,0,94.0,100.0,0,20.4,1,1,39.1,0,243,0.358,0,2,Low
2325,10,30,10.87,34.5,54.2,2,0,1,38.0,38.1,1,18.2,1,1,31.7,1,82,0.929,1,195,High
2326,5,10,4.33,26.8,45.4,0,0,0,85.2,72.7,0,7.1,1,1,43.5,1,60,0.522,1,120,Medium
2327,4,8,4.71,24.1,89.6,0,1,0,49.8,68.6,0,11.6,1,0,41.4,0,169,0.521,1,88,Medium
2328,6,12,13.91,33.2,85.1,0,0,1,68.9,69.6,0,12.4,1,0,39.6,0,295,0.38,0,6,Low
2329,4,8,17.01,34.9,68.0,1,0,1,40.1,67.4,0,8.8,1,0,33.7,3,26,0.738,1,161,High
2330,7,7,22.11,34.3,56.0,0,0,0,56.4,67.0,0,16.0,1,0,22.5,1,202,0.455,1,98,Medium
2331,7,7,26.37,33.6,84.7,0,2,0,36.4,36.0,0,18.3,1,0,41.7,1,31,0.827,1,134,High
2332,18,54,45.46,9.5,73.4,0,0,0,15.5,2.3,0,13.3,1,0,34.7,0,142,0.485,1,77,Medium
2333,3,6,6.41,40.6,63.9,2,1,2,22.5,20.9,0,19.3,1,0,35.0,1,133,0.98,1,209,High
2334,1,1,1.2,24.7,62.8,0,0,0,36.2,50.3,2,13.5,1,0,28.2,0,23,0.407,0,1,Medium
2335,4,4,16.16,35.7,89.8,2,0,0,97.9,75.3,0,12.3,1,0,28.7,0,225,0.608,1,134,Medium
2336,6,18,22.19,26.6,83.6,0,0,0,96.9,90.8,1,3.5,0,0,47.6,0,132,0.366,0,3,Low
2337,9,27,12.8,32.5,64.8,0,0,1,84.5,60.3,0,5.4,1,1,36.8,0,43,0.496,1,86,Medium
2338,14,42,37.74,39.3,68.8,0,1,2,30.9,15.3,2,29.2,1,1,23.8,0,131,0.838,1,147,High
2339,12,12,31.24,9.1,56.7,0,0,0,49.7,40.5,0,17.0,1,0,21.6,0,155,0.32,0,1,Low
2340,4,4,12.45,18.9,49.0,0,1,1,49.6,45.5,0,26.1,0,1,27.9,1,248,0.971,1,142,High
2341,12,36,51.61,16.4,76.3,4,0,0,44.8,50.1,1,11.1,0,0,37.1,0,145,0.919,1,236,High
2342,10,20,29.45,5.1,44.5,0,0,1,14.0,24.5,3,39.7,0,0,41.6,0,178,0.777,1,107,High
2343,7,21,19.59,32.0,41.5,0,0,0,58.1,78.9,0,11.9,1,0,25.0,1,199,0.461,1,70,Medium
2344,3,9,2.96,8.3,44.5,0,0,0,16.6,40.6,0,11.2,1,0,35.2,1,273,0.526,1,93,Medium
2345,14,42,14.46,57.9,88.3,0,0,0,82.2,100.0,3,3.9,0,0,22.5,2,179,0.597,1,126,Medium
2346,10,30,14.93,62.1,66.9,0,0,2,72.2,66.5,0,19.5,1,0,21.3,1,34,0.582,1,125,Medium
2347,16,16,14.72,11.3,75.8,2,0,1,41.7,45.2,0,25.9,1,0,50.2,0,292,0.755,1,136,High
2348,16,32,56.81,29.6,91.1,0,1,1,68.2,59.8,3,33.0,1,1,43.0,2,163,0.749,1,151,High
2349,10,30,34.76,33.6,28.8,1,2,0,31.0,34.8,2,12.7,0,0,47.3,0,239,0.98,1,194,High
2350,13,26,16.94,33.5,73.1,0,0,0,33.9,31.5,0,8.0,1,1,26.4,1,114,0.567,1,104,Medium
2351,6,12,23.36,33.1,36.7,0,0,1,38.3,21.2,4,11.6,0,0,31.3,0,27,0.692,1,120,Medium
2352,12,24,16.47,60.3,85.4,0,0,2,81.7,100.0,1,16.7,1,0,35.5,1,265,0.465,1,97,Medium
2353,9,27,17.23,34.3,87.4,0,0,3,29.0,54.6,0,10.4,1,1,43.0,2,22,0.715,1,137,High
2354,13,13,22.38,16.9,68.2,0,1,1,60.7,49.3,1,11.3,1,1,38.7,1,173,0.793,1,149,High
2355,4,12,8.71,33.4,75.7,0,0,0,28.0,35.8,1,12.3,1,0,39.3,0,275,0.492,1,80,Medium
2356,11,22,19.16,25.6,93.0,0,0,1,35.7,25.0,1,12.8,1,0,25.5,4,142,0.603,1,152,Medium
2357,18,36,46.96,11.0,64.8,2,1,0,31.2,30.0,5,5.5,1,0,36.6,0,186,0.825,1,191,High
2358,11,11,25.38,11.0,59.3,0,0,1,68.1,60.1,0,14.4,1,0,48.8,0,167,0.373,0,15,Low
2359,4,12,17.8,25.2,89.9,1,0,0,57.4,48.0,1,7.5,0,0,37.8,2,27,0.738,1,186,High
2360,18,36,18.12,40.9,40.1,0,1,0,74.9,77.8,1,13.5,1,0,27.0,1,46,0.608,1,108,Medium
2361,1,1,1.33,26.4,60.4,2,0,0,29.8,2.6,0,4.3,1,0,34.5,1,148,0.835,1,187,High
2362,7,14,6.97,53.1,86.4,0,1,1,10.8,3.0,1,23.2,1,0,46.4,1,63,0.808,1,141,High
2363,6,6,18.69,45.1,68.9,0,0,1,71.2,100.0,1,12.5,0,0,24.7,0,281,0.607,1,109,Medium
2364,15,15,15.03,30.2,76.0,4,0,2,20.3,0.0,2,11.0,1,1,40.3,0,85,0.98,1,226,High
2365,18,54,70.11,45.6,85.3,0,0,2,32.2,26.5,3,21.7,1,1,53.8,0,157,0.64,1,107,Medium
2366,11,22,29.64,33.8,91.5,1,0,4,37.5,41.8,1,16.8,1,0,33.3,0,82,0.671,1,132,Medium
2367,15,45,41.25,39.1,86.9,1,0,0,77.2,74.5,0,10.3,1,0,21.5,0,182,0.452,1,97,Medium
2368,16,32,46.05,1.8,77.1,0,0,1,66.3,54.8,1,24.7,1,0,42.2,0,262,0.337,0,1,Low
2369,7,21,10.02,12.5,81.4,3,0,1,26.6,41.1,0,12.5,1,0,21.6,1,118,0.869,1,211,High
2370,10,20,15.31,34.5,79.0,2,0,2,63.8,66.0,0,12.0,1,0,26.7,0,228,0.758,1,194,High
2371,12,36,23.76,17.1,61.0,2,0,0,73.7,64.3,1,13.7,1,1,21.7,0,172,0.683,1,162,Medium
2372,14,14,41.94,28.3,68.5,4,0,0,45.0,57.9,1,34.4,1,0,26.0,0,289,0.803,1,191,High
2373,5,10,7.89,34.8,41.6,0,0,0,32.1,24.2,1,4.0,1,0,49.9,0,115,0.516,1,68,Medium
2374,18,36,22.15,42.7,62.1,0,0,4,71.1,58.0,4,36.0,1,0,45.7,0,128,0.558,1,101,Medium
2375,5,5,21.95,2.0,64.0,1,0,2,65.0,73.8,0,21.3,0,0,32.0,1,180,0.75,1,146,High
2376,3,9,2.64,47.3,75.2,0,0,0,17.0,0.0,0,10.5,1,0,51.4,0,44,0.506,1,83,Medium
2377,5,10,18.85,29.8,63.5,0,0,2,70.0,96.4,1,9.5,1,1,43.3,0,46,0.598,1,87,Medium
2378,17,34,63.17,14.0,73.6,0,0,0,54.0,76.7,1,14.8,1,0,35.7,2,130,0.369,0,7,Low
2379,19,57,36.09,26.1,71.9,3,0,0,77.8,86.0,0,16.4,1,0,22.4,0,115,0.676,1,165,Medium
2380,19,19,24.73,41.5,39.4,0,3,1,27.2,18.5,0,23.7,1,0,45.6,3,101,0.98,1,213,High
2381,12,36,16.07,11.9,69.0,2,0,0,33.2,17.2,0,12.0,0,0,33.1,4,26,0.98,1,254,High
2382,9,27,30.42,45.1,54.0,0,0,0,58.9,20.3,2,12.0,1,0,30.6,1,279,0.547,1,119,Medium
2383,1,3,3.18,51.8,87.8,0,0,2,53.4,77.6,2,2.6,1,0,30.1,1,287,0.59,1,97,Medium
2384,18,36,66.53,25.3,86.6,2,1,1,44.8,30.3,0,9.1,1,0,20.3,2,74,0.98,1,236,High
2385,4,4,17.07,12.6,53.9,3,1,4,77.1,82.4,0,29.4,1,1,46.0,2,274,0.98,1,249,High
2386,10,10,33.6,17.6,51.1,0,0,0,60.8,63.8,0,17.1,1,1,25.1,1,151,0.591,1,94,Medium
2387,7,21,9.64,32.6,80.9,0,1,0,73.9,48.8,0,17.0,1,0,38.2,0,281,0.572,1,84,Medium
2388,1,2,1.7,27.5,55.5,0,0,0,23.8,14.7,0,9.7,1,0,20.6,0,249,0.514,1,80,Medium
2389,17,51,66.57,34.6,70.2,2,0,2,75.6,58.6,0,9.0,1,1,42.0,0,269,0.783,1,180,High
2390,2,4,3.15,34.0,72.9,0,0,0,51.5,63.4,1,17.2,1,0,32.9,0,240,0.352,0,0,Low
2391,11,22,11.75,31.3,77.7,0,0,0,13.0,25.6,0,15.1,1,1,42.1,0,112,0.557,1,113,Medium
2392,9,18,30.62,37.9,46.8,1,0,0,31.1,27.4,1,17.3,1,0,23.1,1,291,0.715,1,145,High
2393,7,14,16.03,18.0,63.3,0,0,2,12.3,0.0,0,13.5,1,0,29.3,1,39,0.687,1,126,Medium
2394,17,17,71.47,59.8,40.2,0,0,0,51.1,53.9,2,15.1,1,0,23.9,1,76,0.528,1,115,Medium
2395,17,34,54.5,25.9,31.0,2,0,0,39.3,55.9,4,5.4,1,0,42.6,0,98,0.789,1,151,High
2396,2,4,2.27,49.6,70.0,2,0,1,98.9,76.7,0,31.6,1,0,23.8,0,38,0.627,1,154,Medium
2397,6,18,25.84,36.7,82.5,3,0,0,88.2,100.0,0,10.0,0,0,41.6,1,211,0.87,1,206,High
2398,14,42,24.59,19.4,61.8,0,0,0,84.3,80.6,0,13.8,1,0,24.7,0,80,0.251,0,28,Low
2399,6,6,12.29,32.1,45.6,2,0,0,55.1,53.3,0,2.7,1,1,53.0,1,264,0.936,1,207,High
2400,2,6,4.58,30.1,27.7,1,0,2,82.6,100.0,0,8.9,1,0,34.6,0,279,0.658,1,115,Medium
2401,1,2,0.99,26.4,74.9,0,0,0,34.0,33.2,1,13.2,1,0,24.4,1,249,0.441,0,1,Medium
2402,10,30,26.37,57.3,50.5,1,0,0,60.5,58.9,1,16.7,1,1,21.5,1,150,0.772,1,161,High
2403,5,5,6.28,18.7,53.5,0,0,0,45.4,31.7,0,3.4,0,0,31.5,1,140,0.608,1,113,Medium
2404,2,6,4.57,42.4,73.4,1,1,3,25.4,16.7,2,13.2,0,0,51.2,0,110,0.98,1,169,High
2405,16,48,33.56,41.0,52.4,1,0,0,16.5,5.9,0,23.8,1,1,25.0,2,52,0.847,1,169,High
2406,2,2,7.32,27.1,50.3,1,0,2,60.2,33.7,0,15.7,1,0,47.7,0,162,0.713,1,147,High
2407,10,10,37.72,8.0,95.3,0,0,2,18.8,0.0,1,25.1,1,1,34.6,0,61,0.59,1,91,Medium
2408,2,4,2.74,38.4,27.5,1,3,0,74.6,71.1,0,16.7,1,0,48.1,1,93,0.98,1,195,High
2409,16,48,34.5,22.0,91.6,0,0,0,92.9,72.2,1,9.5,1,0,50.6,0,42,0.251,0,0,Low
2410,16,32,34.9,9.9,61.4,3,0,1,24.6,34.4,4,11.5,0,1,54.9,0,292,0.98,1,226,High
2411,19,57,25.84,33.5,62.8,1,0,1,52.4,49.1,2,14.0,1,0,22.4,2,246,0.789,1,172,High
2412,7,21,26.28,9.9,56.8,0,0,2,76.5,52.6,0,17.7,1,0,47.9,0,127,0.453,1,52,Medium
2413,12,24,41.0,33.4,72.9,0,0,2,35.8,58.7,1,18.3,1,0,22.4,1,193,0.613,1,109,Medium
2414,15,45,22.57,40.9,67.9,1,0,0,92.9,86.5,0,10.3,1,0,31.0,1,294,0.465,1,118,Medium
2415,8,24,17.25,21.5,73.3,0,0,1,90.0,97.7,5,10.1,1,0,42.6,0,240,0.234,0,3,Low
2416,6,18,7.15,52.1,62.1,1,0,0,19.3,44.0,4,9.2,1,0,35.7,1,87,0.72,1,154,High
2417,10,10,31.24,22.8,87.0,0,0,1,12.5,12.0,0,4.8,1,0,39.8,0,75,0.539,1,85,Medium
2418,3,6,3.75,64.1,67.5,1,1,1,97.9,98.1,3,20.7,1,0,53.8,1,16,0.858,1,172,High
2419,19,19,84.51,18.4,71.1,0,0,0,96.1,100.0,0,10.4,1,0,48.7,0,103,0.292,0,1,Low
2420,17,34,62.7,46.6,78.9,0,1,0,48.0,43.6,0,6.4,0,0,32.7,1,18,0.805,1,157,High
2421,7,14,15.71,34.3,69.1,3,0,0,14.6,30.7,0,16.6,1,0,41.0,1,246,0.907,1,219,High
2422,4,12,11.76,16.7,63.1,1,0,1,65.7,64.6,0,17.5,1,0,21.7,4,72,0.702,1,185,High
2423,14,28,58.41,25.7,88.6,0,0,2,36.4,39.0,2,5.6,1,0,35.9,0,141,0.47,1,96,Medium
2424,15,15,42.75,2.6,89.5,4,0,1,94.3,96.6,0,23.5,0,0,41.3,0,283,0.753,1,215,High
2425,8,8,11.57,20.1,54.5,0,0,1,81.5,76.0,2,21.8,1,0,45.0,0,235,0.408,0,1,Medium
2426,15,15,33.02,28.3,44.7,1,1,0,68.5,60.5,5,13.7,1,1,51.6,0,238,0.819,1,146,High
2427,14,28,54.87,19.3,59.6,0,0,0,35.6,25.8,2,13.4,1,0,29.9,0,169,0.439,0,3,Medium
2428,9,9,28.65,9.2,89.9,0,1,0,73.1,53.7,0,20.6,1,1,51.6,2,44,0.699,1,130,Medium
2429,8,16,25.66,29.7,75.8,0,0,0,36.0,29.3,1,9.9,1,0,43.2,0,124,0.393,0,10,Low
2430,17,17,68.12,18.9,90.9,0,0,1,13.4,9.4,1,23.6,0,0,22.7,0,266,0.653,1,126,Medium
2431,2,2,8.22,29.6,44.0,2,1,2,55.8,61.9,2,3.5,1,0,33.3,1,207,0.98,1,218,High
2432,3,6,12.61,28.7,56.1,2,0,1,54.0,52.6,0,14.5,1,0,36.7,0,25,0.687,1,168,Medium
2433,8,8,9.21,63.1,62.7,0,0,1,78.7,94.9,1,12.2,1,0,32.3,0,31,0.475,1,86,Medium
2434,12,36,33.76,70.6,87.8,0,0,0,87.9,100.0,2,5.4,1,0,24.1,2,169,0.438,0,5,Medium
2435,1,2,3.54,47.2,57.6,2,0,0,41.9,62.1,2,21.0,0,0,39.3,0,131,0.912,1,203,High
2436,10,20,36.01,47.6,79.7,0,1,0,50.5,47.5,4,9.0,1,0,24.6,1,243,0.644,1,115,Medium
2437,3,6,9.13,43.2,93.2,0,0,1,52.3,44.6,0,19.4,1,1,52.0,0,201,0.59,1,96,Medium
2438,6,18,8.5,47.8,72.4,0,0,1,39.2,18.7,0,17.2,1,0,50.3,1,175,0.624,1,103,Medium
2439,7,14,26.25,61.9,88.0,0,1,0,76.9,96.5,1,7.6,1,0,36.6,0,69,0.547,1,66,Medium
2440,18,18,62.36,9.3,77.2,0,1,1,57.0,39.7,0,3.6,1,1,22.4,0,222,0.711,1,106,High
2441,11,11,12.31,25.7,65.8,1,0,1,92.3,78.8,0,15.7,1,1,39.3,0,66,0.64,1,125,Medium
2442,19,19,47.81,33.3,93.3,0,0,0,68.5,71.9,0,17.5,1,0,40.7,0,33,0.313,0,0,Low
2443,5,10,7.22,62.8,70.8,2,0,1,29.1,24.5,2,14.7,1,1,51.1,3,256,0.98,1,251,High
2444,19,19,38.92,26.8,41.1,0,0,2,24.8,46.5,3,7.6,0,0,22.4,0,202,0.75,1,123,High
2445,11,22,9.54,8.0,78.6,1,0,0,43.5,32.0,0,34.1,1,0,44.2,1,24,0.535,1,122,Medium
2446,12,12,27.37,40.4,75.3,0,0,1,41.2,41.6,0,12.3,0,1,39.7,3,21,0.956,1,191,High
2447,10,30,28.35,2.7,75.4,1,0,0,46.6,18.8,0,4.0,1,0,26.1,0,104,0.474,1,120,Medium
2448,8,24,24.74,8.5,72.5,0,0,2,26.5,45.0,1,21.2,1,0,24.3,2,182,0.603,1,150,Medium
2449,9,27,29.29,51.6,86.4,0,0,3,98.0,72.9,2,8.2,1,0,44.3,1,212,0.569,1,109,Medium
2450,4,12,15.58,20.7,64.4,2,0,1,23.1,60.4,0,18.0,1,1,31.9,1,25,0.907,1,183,High
2451,5,10,7.99,19.4,81.9,0,0,0,68.7,66.9,1,7.3,1,0,55.0,2,66,0.484,1,111,Medium
2452,8,8,9.97,38.5,42.5,1,0,0,11.2,6.9,0,12.5,0,0,51.3,0,154,0.885,1,146,High
2453,9,27,35.56,21.1,76.9,4,0,0,46.6,46.1,4,6.0,1,0,39.8,0,234,0.79,1,189,High
2454,15,30,20.69,40.0,95.1,0,0,0,37.8,21.7,3,11.9,1,0,42.5,0,204,0.373,0,0,Low
2455,15,45,66.1,37.6,52.4,0,0,1,44.4,54.3,3,7.8,1,1,25.6,2,165,0.706,1,132,High
2456,16,48,62.68,28.3,79.6,0,0,0,54.8,48.7,0,10.8,1,0,51.3,0,212,0.366,0,7,Low
2457,14,28,37.15,26.1,42.8,2,0,0,64.0,59.3,1,9.1,1,0,36.1,4,78,0.926,1,259,High
2458,8,16,35.45,37.3,49.3,0,0,1,62.5,81.8,0,21.6,1,0,38.2,0,161,0.416,0,4,Medium
2459,18,18,20.89,11.8,97.1,1,0,1,66.8,41.0,1,25.9,1,0,50.6,1,226,0.55,1,131,Medium
2460,10,10,19.21,27.2,67.9,1,0,0,86.0,83.1,0,8.9,1,1,20.2,1,288,0.62,1,155,Medium
2461,6,18,18.97,12.1,60.1,0,0,1,89.8,88.2,2,22.8,0,1,37.3,3,111,0.732,1,155,High
2462,12,36,25.14,31.9,87.3,1,1,3,76.4,78.5,1,33.2,1,0,41.9,0,107,0.773,1,147,High
2463,2,2,8.47,16.2,88.8,0,1,0,17.1,8.8,1,5.7,1,0,25.6,0,76,0.557,1,107,Medium
2464,7,7,7.3,36.6,50.3,0,3,1,96.5,91.7,2,11.4,1,0,22.4,2,105,0.872,1,158,High
2465,16,32,45.33,27.4,82.4,1,0,1,95.3,100.0,1,9.8,1,0,38.7,4,75,0.582,1,171,Medium
2466,3,3,8.96,41.5,59.9,0,1,1,74.1,81.6,0,32.4,1,1,39.2,0,68,0.668,1,117,Medium
2467,13,13,41.8,8.9,44.4,0,0,0,56.6,44.9,1,14.4,1,1,31.6,1,201,0.543,1,87,Medium
2468,3,9,5.24,61.5,82.5,1,0,0,32.6,42.4,4,33.1,1,0,50.9,0,278,0.655,1,127,Medium
2469,18,18,38.68,31.2,76.1,1,0,2,78.1,78.8,1,19.0,0,0,30.5,1,252,0.79,1,157,High
2470,11,33,43.14,14.2,73.0,0,0,3,89.0,100.0,1,20.3,1,1,38.1,1,283,0.596,1,99,Medium
2471,8,8,12.17,20.6,84.1,1,0,2,69.9,66.8,3,12.3,1,0,26.5,1,213,0.554,1,138,Medium
2472,6,12,23.16,58.2,63.8,0,0,3,66.6,54.5,1,16.7,0,0,20.4,0,262,0.707,1,124,High
2473,1,1,2.88,56.0,96.0,2,1,1,27.4,2.4,5,15.9,0,0,34.9,0,270,0.98,1,203,High
2474,1,1,3.62,45.3,90.1,1,0,3,42.2,59.5,0,16.9,1,0,38.4,1,173,0.712,1,157,High
2475,8,8,27.52,9.3,91.7,0,1,1,75.1,85.4,1,3.2,1,0,46.8,2,108,0.591,1,119,Medium
2476,5,15,7.84,11.4,63.1,0,0,3,11.5,16.9,0,29.1,1,0,35.7,2,197,0.661,1,136,Medium
2477,16,32,46.47,13.7,72.9,1,0,0,67.7,77.4,1,17.2,1,0,29.8,0,33,0.456,1,83,Medium
2478,11,11,44.12,33.2,51.2,2,0,2,79.0,97.6,0,11.4,1,0,41.1,0,210,0.757,1,170,High
2479,5,15,11.99,20.9,77.1,0,0,0,40.1,14.9,0,20.7,0,1,33.3,0,79,0.706,1,102,High
2480,4,8,17.51,20.1,95.4,0,0,0,16.9,18.2,0,11.7,1,1,28.2,2,218,0.621,1,123,Medium
2481,6,18,14.84,37.6,72.1,0,0,1,83.7,56.5,0,23.1,1,0,51.9,1,90,0.461,1,76,Medium
2482,14,42,18.6,30.9,51.3,0,0,0,22.8,16.9,0,8.9,1,0,38.8,1,226,0.542,1,104,Medium
2483,19,38,42.58,4.7,44.0,1,0,0,43.4,48.3,2,29.7,1,0,27.0,0,259,0.546,1,104,Medium
2484,9,9,38.89,8.9,77.4,0,0,4,73.7,68.4,0,14.3,1,0,43.5,0,127,0.458,1,78,Medium
2485,12,36,23.8,39.2,64.7,1,0,1,83.5,100.0,0,29.6,0,0,48.1,3,44,0.718,1,171,High
2486,11,33,44.13,56.2,35.9,2,0,3,87.6,83.2,0,36.0,1,0,46.5,2,261,0.98,1,217,High
2487,14,14,56.85,37.9,84.6,3,0,4,57.7,46.1,0,9.8,0,1,41.0,0,250,0.98,1,222,High
2488,16,16,33.53,51.6,46.1,0,0,0,52.8,53.3,3,1.7,1,1,38.2,0,191,0.574,1,90,Medium
2489,1,2,1.11,10.2,76.4,1,0,0,86.3,70.8,2,1.4,1,0,47.2,3,107,0.567,1,189,Medium
2490,13,26,45.25,7.9,54.4,3,0,0,60.7,47.6,2,5.8,0,0,44.8,0,183,0.927,1,216,High
2491,13,26,25.38,2.3,77.2,0,0,1,62.1,76.1,0,5.1,1,1,40.0,2,100,0.602,1,128,Medium
2492,2,2,7.39,51.5,86.0,0,0,1,49.1,64.0,0,9.7,1,0,43.0,0,123,0.486,1,93,Medium
2493,4,12,9.75,42.7,72.4,2,1,1,43.6,46.0,0,22.7,1,0,25.9,2,171,0.98,1,238,High
2494,6,18,15.57,27.4,84.2,0,0,0,53.2,62.4,1,10.7,1,1,20.7,1,143,0.516,1,99,Medium
2495,5,10,18.39,32.8,91.7,3,0,0,42.8,74.1,2,15.8,1,0,52.6,0,297,0.644,1,199,Medium
2496,3,3,6.64,56.9,85.3,0,0,1,40.9,40.0,3,19.5,1,0,52.7,1,22,0.548,1,116,Medium
2497,1,3,2.44,14.0,59.9,0,0,0,99.4,86.4,0,18.4,0,0,47.6,0,54,0.427,0,8,Medium
2498,4,8,8.77,3.0,54.7,0,0,2,40.3,48.3,0,5.5,1,0,33.0,0,214,0.418,0,8,Medium
2499,2,6,4.32,14.0,82.0,0,1,0,33.1,45.6,0,6.7,1,0,25.3,0,148,0.539,1,64,Medium
2500,5,15,13.73,6.0,65.1,0,1,0,41.9,55.9,2,7.6,1,0,32.5,1,157,0.546,1,84,Medium
